company,product,typename,inches,ram,os,weight,price_euros,screen,screenw,screenh,touchscreen,ipspanel,retinadisplay,cpu_company,cpu_freq,cpu_model,primarystorage,secondarystorage,primarystoragetype,secondarystoragetype,gpu_company,gpu_model,price_category,total_storage,has_ssd,high_ram,cpu_brand,is_lightweight,high_resolution,price_per_gb_ram
Apple,MacBook Pro,Ultrabook,13.3,8,macOS,1.37,1339.69,Standard,2560,1600,No,Yes,Yes,Intel,2.3,Core i5,128,0,SSD,No,Intel,Iris Plus Graphics 640,Mid-Range,128,1,0,Intel,1,1,167.46125
Apple,Macbook Air,Ultrabook,13.3,8,macOS,1.34,898.94,Standard,1440,900,No,No,No,Intel,1.8,Core i5,128,0,Flash Storage,No,Intel,HD Graphics 6000,Mid-Range,128,0,0,Intel,1,0,112.3675
HP,250 G6,Notebook,15.6,8,No OS,1.86,575.0,Full HD,1920,1080,No,No,No,Intel,2.5,Core i5 7200U,256,0,SSD,No,Intel,HD Graphics 620,Budget,256,1,0,Intel,0,1,71.875
Apple,MacBook Pro,Ultrabook,15.4,16,macOS,1.83,2537.45,Standard,2880,1800,No,Yes,Yes,Intel,2.7,Core i7,512,0,SSD,No,AMD,Radeon Pro 455,Premium,512,1,1,Intel,0,1,158.590625
Apple,MacBook Pro,Ultrabook,13.3,8,macOS,1.37,1803.6,Standard,2560,1600,No,Yes,Yes,Intel,3.1,Core i5,256,0,SSD,No,Intel,Iris Plus Graphics 650,Premium,256,1,0,Intel,1,1,225.45
Acer,Aspire 3,Notebook,15.6,4,Windows 10,2.1,400.0,Standard,1366,768,No,No,No,AMD,3.0,A9-Series 9420,500,0,HDD,No,AMD,Radeon R5,Budget,500,0,0,AMD,0,0,100.0
Apple,MacBook Pro,Ultrabook,15.4,16,Mac OS X,2.04,2139.97,Standard,2880,1800,No,Yes,Yes,Intel,2.2,Core i7,256,0,Flash Storage,No,Intel,Iris Pro Graphics,Premium,256,0,1,Intel,0,1,133.748125
Apple,Macbook Air,Ultrabook,13.3,8,macOS,1.34,1158.7,Standard,1440,900,No,No,No,Intel,1.8,Core i5,256,0,Flash Storage,No,Intel,HD Graphics 6000,Mid-Range,256,0,0,Intel,1,0,144.8375
Asus,ZenBook UX430UN,Ultrabook,14.0,16,Windows 10,1.3,1495.0,Full HD,1920,1080,No,No,No,Intel,1.8,Core i7 8550U,512,0,SSD,No,Nvidia,GeForce MX150,Mid-Range,512,1,1,Intel,1,1,93.4375
Acer,Swift 3,Ultrabook,14.0,8,Windows 10,1.6,770.0,Full HD,1920,1080,No,Yes,No,Intel,1.6,Core i5 8250U,256,0,SSD,No,Intel,UHD Graphics 620,Budget,256,1,0,Intel,1,1,96.25
HP,250 G6,Notebook,15.6,4,No OS,1.86,393.9,Standard,1366,768,No,No,No,Intel,2.5,Core i5 7200U,500,0,HDD,No,Intel,HD Graphics 620,Budget,500,0,0,Intel,0,0,98.475
HP,250 G6,Notebook,15.6,4,No OS,1.86,344.99,Full HD,1920,1080,No,No,No,Intel,2.0,Core i3 6006U,500,0,HDD,No,Intel,HD Graphics 520,Budget,500,0,0,Intel,0,1,86.2475
Apple,MacBook Pro,Ultrabook,15.4,16,macOS,1.83,2439.97,Standard,2880,1800,No,Yes,Yes,Intel,2.8,Core i7,256,0,SSD,No,AMD,Radeon Pro 555,Premium,256,1,1,Intel,0,1,152.498125
Dell,Inspiron 3567,Notebook,15.6,4,Windows 10,2.2,498.9,Full HD,1920,1080,No,No,No,Intel,2.0,Core i3 6006U,256,0,SSD,No,AMD,Radeon R5 M430,Budget,256,1,0,Intel,0,1,124.725
Apple,"MacBook 12""",Ultrabook,12.0,8,macOS,0.92,1262.4,Standard,2304,1440,No,Yes,Yes,Intel,1.2,Core M m3,256,0,SSD,No,Intel,HD Graphics 615,Mid-Range,256,1,0,Intel,1,1,157.8
Apple,MacBook Pro,Ultrabook,13.3,8,macOS,1.37,1518.55,Standard,2560,1600,No,Yes,Yes,Intel,2.3,Core i5,256,0,SSD,No,Intel,Iris Plus Graphics 640,Premium,256,1,0,Intel,1,1,189.81875
Dell,Inspiron 3567,Notebook,15.6,8,Windows 10,2.2,745.0,Full HD,1920,1080,No,No,No,Intel,2.7,Core i7 7500U,256,0,SSD,No,AMD,Radeon R5 M430,Budget,256,1,0,Intel,0,1,93.125
Apple,MacBook Pro,Ultrabook,15.4,16,macOS,1.83,2858.0,Standard,2880,1800,No,Yes,Yes,Intel,2.9,Core i7,512,0,SSD,No,AMD,Radeon Pro 560,Premium,512,1,1,Intel,0,1,178.625
Lenovo,IdeaPad 320-15IKB,Notebook,15.6,8,No OS,2.2,499.0,Full HD,1920,1080,No,No,No,Intel,2.4,Core i3 7100U,1024,0,HDD,No,Nvidia,GeForce 940MX,Budget,1024,0,0,Intel,0,1,62.375
Dell,XPS 13,Ultrabook,13.3,8,Windows 10,1.22,979.0,Full HD,1920,1080,Yes,Yes,No,Intel,1.6,Core i5 8250U,128,0,SSD,No,Intel,UHD Graphics 620,Mid-Range,128,1,0,Intel,1,1,122.375
Asus,Vivobook E200HA,Netbook,11.6,2,Windows 10,0.98,191.9,Standard,1366,768,No,No,No,Intel,1.44,Atom x5-Z8350,32,0,Flash Storage,No,Intel,HD Graphics 400,Budget,32,0,0,Intel,1,0,95.95
Lenovo,Legion Y520-15IKBN,Gaming,15.6,8,Windows 10,2.5,999.0,Full HD,1920,1080,No,Yes,No,Intel,2.5,Core i5 7300HQ,128,1024,SSD,HDD,Nvidia,GeForce GTX 1050,Mid-Range,1152,1,0,Intel,0,1,124.875
HP,255 G6,Notebook,15.6,4,No OS,1.86,258.0,Standard,1366,768,No,No,No,AMD,1.5,E-Series E2-9000e,500,0,HDD,No,AMD,Radeon R2,Budget,500,0,0,AMD,0,0,64.5
Dell,Inspiron 5379,2 in 1 Convertible,13.3,8,Windows 10,1.62,819.0,Full HD,1920,1080,Yes,No,No,Intel,1.6,Core i5 8250U,256,0,SSD,No,Intel,UHD Graphics 620,Mid-Range,256,1,0,Intel,1,1,102.375
HP,15-BS101nv (i7-8550U/8GB/256GB/FHD/W10),Ultrabook,15.6,8,Windows 10,1.91,659.0,Full HD,1920,1080,No,No,No,Intel,1.8,Core i7 8550U,256,0,SSD,No,Intel,HD Graphics 620,Budget,256,1,0,Intel,0,1,82.375
Dell,Inspiron 3567,Notebook,15.6,4,Windows 10,2.3,418.64,Standard,1366,768,No,No,No,Intel,2.0,Core i3 6006U,1024,0,HDD,No,Intel,HD Graphics 520,Budget,1024,0,0,Intel,0,0,104.66
Apple,MacBook Air,Ultrabook,13.3,8,Mac OS X,1.35,1099.0,Standard,1440,900,No,No,No,Intel,1.6,Core i5,128,0,Flash Storage,No,Intel,HD Graphics 6000,Mid-Range,128,0,0,Intel,1,0,137.375
Dell,Inspiron 5570,Notebook,15.6,8,Windows 10,2.2,800.0,Full HD,1920,1080,No,No,No,Intel,1.6,Core i5 8250U,256,0,SSD,No,AMD,Radeon 530,Budget,256,1,0,Intel,0,1,100.0
Dell,Latitude 5590,Ultrabook,15.6,8,Windows 10,1.88,1298.0,Full HD,1920,1080,No,No,No,Intel,1.9,Core i7 8650U,256,256,SSD,SSD,Intel,UHD Graphics 620,Mid-Range,512,1,0,Intel,0,1,162.25
HP,ProBook 470,Notebook,17.3,8,Windows 10,2.5,896.0,Full HD,1920,1080,No,No,No,Intel,1.6,Core i5 8250U,1024,0,HDD,No,Nvidia,GeForce 930MX,Mid-Range,1024,0,0,Intel,0,1,112.0
Chuwi,"LapBook 15.6""",Notebook,15.6,4,Windows 10,1.89,244.99,Full HD,1920,1080,No,No,No,Intel,1.44,Atom x5-Z8300,64,0,Flash Storage,No,Intel,HD Graphics,Budget,64,0,0,Intel,0,1,61.2475
Asus,E402WA-GA010T (E2-6110/2GB/32GB/W10),Notebook,14.0,2,Windows 10,1.65,199.0,Standard,1366,768,No,No,No,AMD,1.5,E-Series E2-6110,32,0,Flash Storage,No,AMD,Radeon R2,Budget,32,0,0,AMD,1,0,99.5
HP,17-ak001nv (A6-9220/4GB/500GB/Radeon,Notebook,17.3,4,Windows 10,2.71,439.0,Full HD,1920,1080,No,No,No,AMD,2.5,A6-Series 9220,500,0,HDD,No,AMD,Radeon 530,Budget,500,0,0,AMD,0,1,109.75
Dell,XPS 13,Ultrabook,13.3,16,Windows 10,1.2,1869.0,Quad HD+,3200,1800,Yes,No,No,Intel,1.8,Core i7 8550U,512,0,SSD,No,Intel,UHD Graphics 620,Premium,512,1,1,Intel,1,1,116.8125
Apple,MacBook Air,Ultrabook,13.3,8,Mac OS X,1.35,998.0,Standard,1440,900,No,No,No,Intel,1.6,Core i5,256,0,Flash Storage,No,Intel,HD Graphics 6000,Mid-Range,256,0,0,Intel,1,0,124.75
Lenovo,IdeaPad 120S-14IAP,Notebook,14.0,4,Windows 10,1.44,249.0,Standard,1366,768,No,No,No,Intel,1.1,Celeron Dual Core N3350,64,0,Flash Storage,No,Intel,HD Graphics 500,Budget,64,0,0,Intel,1,0,62.25
Acer,Aspire 3,Notebook,15.6,4,Linux,2.1,367.0,Standard,1366,768,No,No,No,Intel,2.7,Core i3 7130U,1024,0,HDD,No,Intel,HD Graphics 620,Budget,1024,0,0,Intel,0,0,91.75
Dell,Inspiron 5770,Notebook,17.3,8,Windows 10,2.8,979.0,Full HD,1920,1080,No,Yes,No,Intel,1.6,Core i5 8250U,128,1024,SSD,HDD,AMD,Radeon 530,Mid-Range,1152,1,0,Intel,0,1,122.375
HP,250 G6,Notebook,15.6,4,Windows 10,1.86,488.69,Standard,1366,768,No,No,No,Intel,2.5,Core i5 7200U,1024,0,HDD,No,Intel,HD Graphics 620,Budget,1024,0,0,Intel,0,0,122.1725
HP,ProBook 450,Notebook,15.6,8,Windows 10,2.1,879.0,Full HD,1920,1080,No,No,No,Intel,1.6,Core i5 8250U,256,0,SSD,No,Nvidia,GeForce 930MX ,Mid-Range,256,1,0,Intel,0,1,109.875
Asus,X540UA-DM186 (i3-6006U/4GB/1TB/FHD/Linux),Notebook,15.6,4,Linux,2.0,389.0,Full HD,1920,1080,No,No,No,Intel,2.0,Core i3 6006U,1024,0,HDD,No,Intel,HD Graphics 620,Budget,1024,0,0,Intel,0,1,97.25
Dell,Inspiron 7577,Gaming,15.6,16,Windows 10,2.65,1499.0,Full HD,1920,1080,No,Yes,No,Intel,2.8,Core i7 7700HQ,256,1024,SSD,HDD,Nvidia,GeForce GTX 1060,Mid-Range,1280,1,1,Intel,0,1,93.6875
Asus,X542UQ-GO005 (i5-7200U/8GB/1TB/GeForce,Notebook,15.6,8,Linux,2.3,522.99,Standard,1366,768,No,No,No,Intel,2.5,Core i5 7200U,1024,0,HDD,No,Nvidia,GeForce 940MX,Budget,1024,0,0,Intel,0,0,65.37375
Acer,Aspire A515-51G,Notebook,15.6,4,Windows 10,2.2,682.0,Full HD,1920,1080,No,Yes,No,Intel,1.6,Core i5 8250U,256,0,SSD,No,Intel,UHD Graphics 620,Budget,256,1,0,Intel,0,1,170.5
Dell,Inspiron 7773,2 in 1 Convertible,17.3,12,Windows 10,2.77,999.0,Full HD,1920,1080,Yes,No,No,Intel,1.6,Core i5 8250U,1024,0,HDD,No,Nvidia,GeForce 150MX,Mid-Range,1024,0,0,Intel,0,1,83.25
Apple,MacBook Pro,Ultrabook,13.3,8,macOS,1.37,1419.0,Standard,2560,1600,No,Yes,Yes,Intel,2.0,Core i5,256,0,SSD,No,Intel,Iris Graphics 540,Mid-Range,256,1,0,Intel,1,1,177.375
Lenovo,IdeaPad 320-15ISK,Notebook,15.6,4,No OS,2.2,369.0,Standard,1366,768,No,No,No,Intel,2.0,Core i3 6006U,128,0,SSD,No,Intel,HD Graphics 520,Budget,128,1,0,Intel,0,0,92.25
Asus,Rog Strix,Gaming,17.3,8,Windows 10,3.2,1299.0,Full HD,1920,1080,No,No,No,AMD,3.0,Ryzen 1700,256,1024,SSD,HDD,AMD,Radeon RX 580,Mid-Range,1280,1,0,AMD,0,1,162.375
Dell,Inspiron 3567,Notebook,15.6,4,Windows 10,2.3,639.0,Full HD,1920,1080,No,No,No,Intel,2.5,Core i5 7200U,256,0,SSD,No,AMD,Radeon R5 M430,Budget,256,1,0,Intel,0,1,159.75
Asus,X751NV-TY001T (N4200/4GB/1TB/GeForce,Notebook,17.3,4,Windows 10,2.8,466.0,Standard,1366,768,No,No,No,Intel,1.1,Pentium Quad Core N4200,1024,0,HDD,No,Nvidia,GeForce 920MX,Budget,1024,0,0,Intel,0,0,116.5
Lenovo,Yoga Book,2 in 1 Convertible,10.1,4,Android,0.69,319.0,Standard,1920,1200,Yes,Yes,No,Intel,1.44,Atom x5-Z8550,64,0,Flash Storage,No,Intel,HD Graphics 400,Budget,64,0,0,Intel,1,1,79.75
Acer,Aspire A515-51G,Notebook,15.6,8,Windows 10,2.2,841.0,Full HD,1920,1080,No,Yes,No,Intel,1.8,Core i7 8550U,256,0,SSD,No,Nvidia,GeForce MX150,Mid-Range,256,1,0,Intel,0,1,105.125
HP,255 G6,Notebook,15.6,4,Windows 10,1.86,398.49,Full HD,1920,1080,No,No,No,AMD,2.5,A6-Series 9220,256,0,SSD,No,AMD,Radeon R4 Graphics,Budget,256,1,0,AMD,0,1,99.6225
HP,ProBook 430,Notebook,13.3,8,Windows 10,1.49,1103.0,Full HD,1920,1080,No,No,No,Intel,1.8,Core i7 8550U,512,0,SSD,No,Intel,UHD Graphics 620,Mid-Range,512,1,0,Intel,1,1,137.875
Acer,Aspire 3,Notebook,15.6,4,Windows 10,2.4,384.0,Standard,1366,768,No,No,No,Intel,2.4,Core i3 7100U,1024,0,HDD,No,Intel,HD Graphics 620,Budget,1024,0,0,Intel,0,0,96.0
Dell,Inspiron 3576,Notebook,15.6,8,Windows 10,2.13,767.8,Full HD,1920,1080,No,No,No,Intel,1.8,Core i7 8550U,256,0,SSD,No,AMD,Radeon 520,Budget,256,1,0,Intel,0,1,95.975
HP,15-bs002nv (i3-6006U/4GB/128GB/FHD/W10),Notebook,15.6,4,Windows 10,1.91,439.0,Full HD,1920,1080,No,No,No,Intel,2.0,Core i3 6006U,128,0,SSD,No,Intel,HD Graphics 520,Budget,128,1,0,Intel,0,1,109.75
Asus,VivoBook Max,Notebook,15.6,4,Windows 10,2.0,586.19,Standard,1366,768,No,No,No,Intel,2.5,Core i5 7200U,256,0,SSD,No,Intel,HD Graphics 620,Budget,256,1,0,Intel,0,0,146.5475
MSI,GS73VR 7RG,Gaming,17.3,16,Windows 10,2.43,2449.0,Full HD,1920,1080,No,No,No,Intel,2.8,Core i7 7700HQ,256,2048,SSD,HDD,Nvidia,GeForce GTX 1070,Premium,2304,1,1,Intel,0,1,153.0625
Asus,X541UA-DM1897 (i3-6006U/4GB/256GB/FHD/Linux),Notebook,15.6,4,Linux,2.0,415.0,Full HD,1920,1080,No,No,No,Intel,2.0,Core i3 6006U,256,0,SSD,No,Intel,HD Graphics 520,Budget,256,1,0,Intel,0,1,103.75
Dell,Inspiron 5770,Notebook,17.3,16,Windows 10,2.8,1299.0,Full HD,1920,1080,No,No,No,Intel,1.8,Core i7 8550U,256,2048,SSD,HDD,AMD,Radeon 530,Mid-Range,2304,1,1,Intel,0,1,81.1875
Dell,Vostro 5471,Ultrabook,14.0,8,Windows 10,1.7,879.0,Full HD,1920,1080,No,No,No,Intel,1.6,Core i5 8250U,256,0,SSD,No,Intel,UHD Graphics 620,Mid-Range,256,1,0,Intel,1,1,109.875
Lenovo,IdeaPad 520S-14IKB,Notebook,14.0,8,No OS,1.7,599.0,Full HD,1920,1080,No,Yes,No,Intel,2.7,Core i3 7130U,256,0,SSD,No,Intel,HD Graphics 620,Budget,256,1,0,Intel,1,1,74.875
Asus,UX410UA-GV350T (i5-8250U/8GB/256GB/FHD/W10),Notebook,14.0,8,Windows 10,1.4,941.0,Full HD,1920,1080,No,No,No,Intel,1.6,Core i5 8250U,256,0,SSD,No,Intel,UHD Graphics 620,Mid-Range,256,1,0,Intel,1,1,117.625
HP,250 G6,Notebook,15.6,8,Windows 10,1.86,690.0,Full HD,1920,1080,No,No,No,Intel,2.5,Core i5 7200U,256,0,SSD,No,Intel,HD Graphics 620,Budget,256,1,0,Intel,0,1,86.25
Asus,ZenBook Pro,Ultrabook,15.6,16,Windows 10,1.8,1983.0,Full HD,1920,1080,No,No,No,Intel,2.8,Core i7 7700HQ,512,0,SSD,No,Nvidia,GeForce GTX 1050 Ti,Premium,512,1,1,Intel,1,1,123.9375
HP,250 G6,Notebook,15.6,4,Windows 10,1.86,438.69,Standard,1366,768,No,No,No,Intel,2.0,Core i3 6006U,500,0,HDD,No,AMD,Radeon 520,Budget,500,0,0,Intel,0,0,109.6725
HP,Stream 14-AX040wm,Notebook,14.0,4,Windows 10,1.44,229.0,Standard,1366,768,No,No,No,Intel,1.6,Celeron Dual Core N3060,32,0,SSD,No,Intel,HD Graphics 400,Budget,32,1,0,Intel,1,0,57.25
Lenovo,V310-15ISK (i5-7200U/4GB/1TB/FHD/W10),Notebook,15.6,4,Windows 10,1.9,549.0,Full HD,1920,1080,No,No,No,Intel,2.5,Core i5 7200U,1024,0,HDD,No,Intel,HD Graphics 620,Budget,1024,0,0,Intel,0,1,137.25
Asus,FX753VE-GC093 (i7-7700HQ/12GB/1TB/GeForce,Gaming,17.3,12,Linux,3.0,949.0,Full HD,1920,1080,No,No,No,Intel,2.8,Core i7 7700HQ,1024,0,HDD,No,Nvidia,GeForce GTX 1050 Ti,Mid-Range,1024,0,0,Intel,0,1,79.08333333333333
Microsoft,Surface Laptop,Ultrabook,13.5,4,Windows 10 S,1.252,1089.0,Standard,2256,1504,Yes,No,No,Intel,2.5,Core i5 7200U,128,0,SSD,No,Intel,HD Graphics 620,Mid-Range,128,1,0,Intel,1,1,272.25
Dell,Inspiron 5370,Ultrabook,13.3,8,Windows 10,1.4,955.0,Full HD,1920,1080,No,Yes,No,Intel,1.8,Core i7 8550U,256,0,SSD,No,AMD,Radeon 530,Mid-Range,256,1,0,Intel,1,1,119.375
Dell,Inspiron 5570,Notebook,15.6,8,Windows 10,2.2,870.0,Full HD,1920,1080,No,No,No,Intel,1.8,Core i7 8550U,256,0,SSD,No,AMD,Radeon 530,Mid-Range,256,1,0,Intel,0,1,108.75
MSI,GL72M 7RDX,Gaming,17.3,8,Windows 10,2.7,1095.0,Full HD,1920,1080,No,No,No,Intel,2.5,Core i5 7300HQ,128,1024,SSD,HDD,Nvidia,GeForce GTX 1050,Mid-Range,1152,1,0,Intel,0,1,136.875
Acer,Aspire E5-475,Notebook,14.0,8,Windows 10,2.1,389.0,Standard,1366,768,No,No,No,Intel,2.0,Core i3 6006U,1024,0,HDD,No,Intel,HD Graphics 520,Budget,1024,0,0,Intel,0,0,48.625
Asus,FX503VD-E4022T (i7-7700HQ/8GB/1TB/GeForce,Gaming,15.6,8,Windows 10,2.2,949.0,Full HD,1920,1080,No,No,No,Intel,2.8,Core i7 7700HQ,1024,0,HDD,No,Nvidia,GeForce GTX 1050,Mid-Range,1024,0,0,Intel,0,1,118.625
Lenovo,IdeaPad 320-15IKBN,Notebook,15.6,8,No OS,2.2,519.0,Full HD,1920,1080,No,No,No,Intel,2.5,Core i5 7200U,2048,0,HDD,No,Intel,HD Graphics 620,Budget,2048,0,0,Intel,0,1,64.875
Dell,Inspiron 5570,Notebook,15.6,8,Windows 10,2.02,855.0,Full HD,1920,1080,No,No,No,Intel,1.8,Core i7 8550U,128,1024,SSD,HDD,Intel,UHD Graphics 620,Mid-Range,1152,1,0,Intel,0,1,106.875
Acer,Aspire A515-51G-32MX,Notebook,15.6,4,Windows 10,2.2,530.0,Full HD,1920,1080,No,No,No,Intel,2.7,Core i3 7130U,1024,0,HDD,No,Nvidia,GeForce MX130,Budget,1024,0,0,Intel,0,1,132.5
HP,ProBook 470,Notebook,17.3,8,Windows 10,2.5,977.0,Full HD,1920,1080,No,No,No,Intel,1.6,Core i5 8250U,128,1024,SSD,HDD,Nvidia,GeForce 930MX,Mid-Range,1152,1,0,Intel,0,1,122.125
Dell,Latitude 5590,Ultrabook,15.6,8,Windows 10,1.88,1096.16,Full HD,1920,1080,No,Yes,No,Intel,1.6,Core i5 8250U,256,0,SSD,No,Intel,UHD Graphics 620,Mid-Range,256,1,0,Intel,0,1,137.02
Apple,"MacBook 12""",Ultrabook,12.0,8,macOS,0.92,1510.0,Standard,2304,1440,No,Yes,Yes,Intel,1.3,Core i5,512,0,SSD,No,Intel,HD Graphics 615,Premium,512,1,0,Intel,1,1,188.75
HP,ProBook 440,Notebook,14.0,8,Windows 10,1.63,860.0,Full HD,1920,1080,No,No,No,Intel,1.6,Core i5 8250U,256,0,SSD,No,Intel,HD Graphics 620,Mid-Range,256,1,0,Intel,1,1,107.5
Lenovo,IdeaPad 320-15AST,Notebook,15.6,4,Windows 10,2.2,399.0,Full HD,1920,1080,No,No,No,AMD,2.5,A6-Series 9220,128,0,SSD,No,AMD,R4 Graphics,Budget,128,1,0,AMD,0,1,99.75
Acer,Aspire 3,Notebook,15.6,4,Windows 10,2.1,395.0,Standard,1366,768,No,No,No,AMD,3.0,A9-Series 9420,1024,0,HDD,No,AMD,Radeon R5,Budget,1024,0,0,AMD,0,0,98.75
Dell,Inspiron 7577,Gaming,15.6,16,Windows 10,2.65,1349.0,Full HD,1920,1080,No,Yes,No,Intel,2.8,Core i7 7700HQ,128,1024,SSD,HDD,Nvidia,GeForce GTX 1050 Ti,Mid-Range,1152,1,1,Intel,0,1,84.3125
HP,Pavilion 15-CK000nv,Ultrabook,15.6,8,Windows 10,1.83,699.0,Full HD,1920,1080,No,Yes,No,Intel,1.8,Core i7 8550U,256,0,SSD,No,Nvidia,GeForce GTX 940MX,Budget,256,1,0,Intel,0,1,87.375
HP,250 G6,Notebook,15.6,8,Windows 10,1.96,598.99,Full HD,1920,1080,No,No,No,Intel,2.5,Core i5 7200U,256,0,SSD,No,Intel,HD Graphics 620,Budget,256,1,0,Intel,0,1,74.87375
Asus,FX503VM-E4007T (i7-7700HQ/16GB/1TB,Gaming,15.6,16,Windows 10,2.2,1449.0,Full HD,1920,1080,No,Yes,No,Intel,2.8,Core i7 7700HQ,128,1024,SSD,HDD,Nvidia,GeForce GTX 1060,Mid-Range,1152,1,1,Intel,0,1,90.5625
Dell,XPS 13,Ultrabook,13.3,8,Windows 10,1.21,1649.0,Full HD,1920,1080,No,Yes,No,Intel,1.8,Core i7 8550U,256,0,SSD,No,Intel,UHD Graphics 620,Premium,256,1,0,Intel,1,1,206.125
Asus,FX550IK-DM018T (FX-9830P/8GB/1TB/Radeon,Gaming,15.6,8,Windows 10,2.45,699.0,Full HD,1920,1080,No,No,No,AMD,3.0,FX 9830P,1024,0,HDD,No,AMD,Radeon RX 560,Budget,1024,0,0,AMD,0,1,87.375
Acer,Aspire 5,Notebook,15.6,8,Windows 10,2.2,689.0,Full HD,1920,1080,No,No,No,Intel,1.8,Core i7 8550U,1024,0,HDD,No,Nvidia,GeForce MX150,Budget,1024,0,0,Intel,0,1,86.125
HP,Probook 430,Notebook,13.3,16,Windows 10,1.49,1197.0,Full HD,1920,1080,No,No,No,Intel,1.8,Core i7 8550U,512,0,SSD,No,Intel,UHD Graphics 620,Mid-Range,512,1,1,Intel,1,1,74.8125
Dell,Inspiron 7577,Gaming,15.6,8,Windows 10,2.65,1195.0,Full HD,1920,1080,No,No,No,Intel,2.5,Core i5 7300HQ,256,0,SSD,No,Nvidia,GeForce GTX 1060,Mid-Range,256,1,0,Intel,0,1,149.375
Asus,Zenbook UX430UA,Ultrabook,14.0,8,Windows 10,1.25,1049.0,Full HD,1920,1080,No,No,No,Intel,2.7,Core i7 7500U,256,0,SSD,No,Intel,HD Graphics 620,Mid-Range,256,1,0,Intel,1,1,131.125
Acer,Spin 5,2 in 1 Convertible,13.3,8,Windows 10,1.5,847.0,Full HD,1920,1080,Yes,Yes,No,Intel,1.6,Core i5 8250U,256,0,SSD,No,Intel,UHD Graphics 620,Mid-Range,256,1,0,Intel,1,1,105.875
Dell,Inspiron 3567,Notebook,15.6,8,Linux,2.2,599.9,Full HD,1920,1080,No,No,No,Intel,2.7,Core i7 7500U,1024,0,HDD,No,AMD,Radeon R5 M430,Budget,1024,0,0,Intel,0,1,74.9875
Dell,Inspiron 3567,Notebook,15.6,4,Linux,2.2,485.0,Full HD,1920,1080,No,No,No,Intel,2.0,Core i3 6006U,256,0,SSD,No,AMD,Radeon R5 M430,Budget,256,1,0,Intel,0,1,121.25
Asus,X541UV-DM1439T (i3-7100U/6GB/256GB/GeForce,Notebook,15.6,6,Windows 10,2.0,577.0,Full HD,1920,1080,No,No,No,Intel,2.4,Core i3 7100U,256,0,SSD,No,Nvidia,GeForce 920M,Budget,256,1,0,Intel,0,1,96.16666666666667
HP,Omen 15-ce007nv,Gaming,15.6,12,Windows 10,2.62,1249.0,Full HD,1920,1080,No,Yes,No,Intel,2.8,Core i7 7700HQ,128,1024,SSD,HDD,Nvidia,GeForce GTX 1050,Mid-Range,1152,1,0,Intel,0,1,104.08333333333333
HP,15-bs017nv (i7-7500U/8GB/256GB/Radeon,Notebook,15.6,8,Windows 10,1.91,719.0,Full HD,1920,1080,No,No,No,Intel,2.7,Core i7 7500U,256,0,SSD,No,AMD,Radeon 530,Budget,256,1,0,Intel,0,1,89.875
HP,15-bw000nv (E2-9000e/4GB/500GB/Radeon,Notebook,15.6,4,Windows 10,2.1,349.0,Full HD,1920,1080,No,No,No,AMD,1.5,E-Series E2-9000e,500,0,HDD,No,AMD,Radeon R2,Budget,500,0,0,AMD,0,1,87.25
Dell,Inspiron 3576,Notebook,15.6,8,Linux,2.2,647.0,Full HD,1920,1080,No,No,No,Intel,1.6,Core i5 8250U,1024,0,HDD,No,AMD,Radeon 520,Budget,1024,0,0,Intel,0,1,80.875
HP,Envy 13-ad009n,Ultrabook,13.3,8,Windows 10,1.38,1119.0,Full HD,1920,1080,No,Yes,No,Intel,2.7,Core i7 7500U,256,0,SSD,No,Nvidia,GeForce MX150,Mid-Range,256,1,0,Intel,1,1,139.875
Microsoft,Surface Laptop,Ultrabook,13.5,8,Windows 10 S,1.252,1340.0,Standard,2256,1504,Yes,No,No,Intel,2.5,Core i5 7200U,256,0,SSD,No,Intel,HD Graphics 620,Mid-Range,256,1,0,Intel,1,1,167.5
HP,Pavilion 14-BK001nv,Notebook,14.0,6,Windows 10,1.58,659.0,Full HD,1920,1080,No,Yes,No,Intel,2.5,Core i5 7200U,256,0,SSD,No,Nvidia,GeForce 940MX,Budget,256,1,0,Intel,1,1,109.83333333333333
Lenovo,Ideapad 310-15ISK,Notebook,15.6,4,Windows 10,1.85,414.9,Full HD,1920,1080,No,No,No,Intel,2.0,Core i3 6006U,1024,0,HDD,No,Intel,HD Graphics 520,Budget,1024,0,0,Intel,0,1,103.725
Asus,UX430UQ-GV209R (i7-7500U/8GB/256GB/GeForce,Ultrabook,14.0,8,Windows 10,1.3,1193.0,Full HD,1920,1080,No,Yes,No,Intel,2.7,Core i7 7500U,256,0,SSD,No,Nvidia,GeForce 940MX,Mid-Range,256,1,0,Intel,1,1,149.125
MSI,GP62M 7REX,Gaming,15.6,16,Windows 10,2.2,1299.0,Full HD,1920,1080,No,No,No,Intel,2.8,Core i7 7700HQ,256,1024,SSD,HDD,Nvidia,GeForce GTX 1050 Ti,Mid-Range,1280,1,1,Intel,0,1,81.1875
Lenovo,Thinkpad T470,Notebook,14.0,8,Windows 10,1.58,1480.0,Full HD,1920,1080,No,Yes,No,Intel,2.7,Core i7 7500U,256,0,SSD,No,Intel,HD Graphics 620,Mid-Range,256,1,0,Intel,1,1,185.0
Asus,VivoBook S15,Ultrabook,15.6,16,Windows 10,1.5,1262.0,Full HD,1920,1080,No,No,No,Intel,1.8,Core i7 8550U,256,1024,SSD,HDD,Nvidia,GeForce MX150,Mid-Range,1280,1,1,Intel,1,1,78.875
Dell,XPS 13,Ultrabook,13.3,8,Windows 10,1.23,1379.0,Quad HD+,3200,1800,Yes,No,No,Intel,2.4,Core i7 7560U,256,0,SSD,No,Intel,Iris Plus Graphics 640,Mid-Range,256,1,0,Intel,1,1,172.375
Lenovo,ThinkPad Yoga,2 in 1 Convertible,13.3,8,Windows 10,1.37,1399.0,Full HD,1920,1080,Yes,Yes,No,Intel,2.5,Core i5 7200U,256,0,SSD,No,Intel,HD Graphics 620,Mid-Range,256,1,0,Intel,1,1,174.875
HP,Probook 440,Notebook,14.0,4,Windows 10,1.63,722.0,Standard,1366,768,No,Yes,No,Intel,1.6,Core i5 8250U,500,0,HDD,No,Intel,UHD Graphics 620,Budget,500,0,0,Intel,1,0,180.5
Dell,XPS 13,Ultrabook,13.3,8,Windows 10,1.21,1629.0,Full HD,1920,1080,No,Yes,No,Intel,1.6,Core i5 8250U,256,0,SSD,No,Intel,UHD Graphics 620,Premium,256,1,0,Intel,1,1,203.625
HP,Spectre x360,2 in 1 Convertible,13.3,8,Windows 10,1.26,1398.99,Full HD,1920,1080,Yes,Yes,No,Intel,1.6,Core i5 8250U,256,0,SSD,No,Intel,UHD Graphics 620,Mid-Range,256,1,0,Intel,1,1,174.87375
HP,Probook 440,Notebook,14.0,8,Windows 10,1.63,1084.0,Full HD,1920,1080,No,No,No,Intel,1.8,Core i7 8550U,512,0,SSD,No,Intel,UHD Graphics 620,Mid-Range,512,1,0,Intel,1,1,135.5
Dell,Inspiron 7570,Notebook,15.6,8,Windows 10,2.16,1130.33,Full HD,1920,1080,No,Yes,No,Intel,1.8,Core i7 8550U,256,1024,SSD,HDD,Nvidia,GeForce 940MX,Mid-Range,1280,1,0,Intel,0,1,141.29125
Asus,X705UV-BX074T (i3-6006U/4GB/1TB/GeForce,Notebook,17.3,4,Windows 10,2.0,564.0,Full HD,1920,1080,No,No,No,Intel,2.0,Core i3 6006U,1024,0,HDD,No,Nvidia,GeForce 920MX,Budget,1024,0,0,Intel,0,1,141.0
Asus,VivoBook S15,Notebook,15.6,8,Windows 10,1.7,1118.0,Full HD,1920,1080,No,No,No,Intel,1.8,Core i7 8550U,256,0,SSD,No,Nvidia,GeForce 940MX,Mid-Range,256,1,0,Intel,1,1,139.75
Acer,Spin 3,Notebook,15.6,6,Windows 10,2.1,479.0,Full HD,1920,1080,Yes,Yes,No,Intel,2.4,Core i3 7100U,1024,0,HDD,No,Intel,HD Graphics 620,Budget,1024,0,0,Intel,0,1,79.83333333333333
MSI,GS63VR 7RG,Gaming,15.6,16,Windows 10,1.8,2241.5,Full HD,1920,1080,No,No,No,Intel,2.8,Core i7 7700HQ,256,2048,SSD,HDD,Nvidia,GeForce GTX 1070,Premium,2304,1,1,Intel,1,1,140.09375
Lenovo,IdeaPad 320-15IKBN,Notebook,15.6,8,No OS,2.2,629.0,Full HD,1920,1080,No,No,No,Intel,2.5,Core i5 7200U,256,0,SSD,No,Nvidia,GeForce 940MX,Budget,256,1,0,Intel,0,1,78.625
HP,Probook 470,Notebook,17.3,16,Windows 10,2.5,1271.0,Full HD,1920,1080,No,No,No,Intel,1.8,Core i7 8550U,512,0,SSD,No,Nvidia,GeForce 930MX ,Mid-Range,512,1,1,Intel,0,1,79.4375
Acer,Aspire 3,Notebook,15.6,4,Windows 10,2.1,451.0,Standard,1366,768,No,No,No,AMD,3.0,A9-Series 9420,256,0,SSD,No,AMD,Radeon R5,Budget,256,1,0,AMD,0,0,112.75
HP,250 G6,Notebook,15.6,4,No OS,1.86,259.0,Standard,1366,768,No,No,No,Intel,1.6,Celeron Dual Core N3060,500,0,HDD,No,Intel,HD Graphics 400,Budget,500,0,0,Intel,0,0,64.75
HP,Probook 440,Notebook,14.0,8,Windows 10,1.63,812.0,Full HD,1920,1080,No,No,No,Intel,1.6,Core i5 8250U,1024,0,HDD,No,Intel,UHD Graphics 620,Mid-Range,1024,0,0,Intel,1,1,101.5
Asus,E402WA-GA007T (E2-6110/4GB/64GB/W10,Notebook,14.0,4,Windows 10 S,1.65,277.99,Standard,1366,768,No,No,No,AMD,1.5,E-Series 6110,64,0,SSD,No,AMD,Radeon R2,Budget,64,1,0,AMD,1,0,69.4975
Dell,Inspiron 5770,Notebook,17.3,16,Windows 10,2.8,1396.0,Full HD,1920,1080,No,No,No,Intel,1.8,Core i7 8550U,256,2048,SSD,HDD,AMD,Radeon 530,Mid-Range,2304,1,1,Intel,0,1,87.25
HP,ProBook 470,Notebook,17.3,8,Windows 10,2.5,928.0,Full HD,1920,1080,No,No,No,Intel,1.6,Core i5 8250U,256,0,SSD,No,Intel,UHD Graphics 620,Mid-Range,256,1,0,Intel,0,1,116.0
Dell,Inspiron 5567,Notebook,15.6,8,Windows 10,2.36,638.99,Standard,1366,768,No,No,No,Intel,2.5,Core i5 7200U,1024,0,HDD,No,AMD,Radeon R7 M445,Budget,1024,0,0,Intel,0,0,79.87375
Dell,Inspiron 3567,Notebook,15.6,4,Windows 10,2.2,449.0,Full HD,1920,1080,No,No,No,Intel,2.0,Core i3 6006U,1024,0,HDD,No,AMD,Radeon R5 M430,Budget,1024,0,0,Intel,0,1,112.25
Acer,Swift 3,Ultrabook,14.0,8,Windows 10,1.6,884.0,Full HD,1920,1080,No,Yes,No,Intel,1.8,Core i7 8550U,256,0,SSD,No,Intel,UHD Graphics 620,Mid-Range,256,1,0,Intel,1,1,110.5
Acer,Aspire A515-51G-37JS,Notebook,15.6,4,Windows 10,2.2,572.0,Full HD,1920,1080,No,No,No,Intel,2.7,Core i3 7130U,256,0,SSD,No,Nvidia,GeForce MX130,Budget,256,1,0,Intel,0,1,143.0
HP,15-BS078nr (i7-7500U/8GB/1TB/W10),Notebook,15.6,8,Windows 10,2.05,598.0,Standard,1366,768,No,No,No,Intel,2.7,Core i7 7500U,1024,0,HDD,No,Intel,HD Graphics 620,Budget,1024,0,0,Intel,0,0,74.75
HP,Probook 440,Notebook,14.0,8,Windows 10,1.63,988.0,Full HD,1920,1080,No,No,No,Intel,1.8,Core i7 8550U,256,0,SSD,No,Intel,UHD Graphics 620,Mid-Range,256,1,0,Intel,1,1,123.5
Lenovo,V110-15IAP (N3350/4GB/1TB/No,Notebook,15.6,4,No OS,1.9,252.36,Standard,1366,768,No,No,No,Intel,1.1,Celeron Dual Core N3350,1024,0,HDD,No,Intel,HD Graphics 500,Budget,1024,0,0,Intel,0,0,63.09
Asus,FX753VD-GC086T (i5-7300HQ/8GB/1TB,Gaming,17.3,8,Windows 10,3.0,938.0,Full HD,1920,1080,No,No,No,Intel,2.5,Core i5 7300HQ,128,1024,SSD,HDD,Nvidia,GeForce GTX 1050,Mid-Range,1152,1,0,Intel,0,1,117.25
Lenovo,IdeaPad 320-15IKBN,Notebook,15.6,4,No OS,2.2,499.0,Full HD,1920,1080,No,No,No,Intel,2.5,Core i5 7200U,1024,0,HDD,No,Nvidia,GeForce 920MX,Budget,1024,0,0,Intel,0,1,124.75
HP,Envy 13-AD007nv,Notebook,13.3,4,Windows 10,1.32,699.0,Full HD,1920,1080,No,Yes,No,Intel,2.5,Core i5 7200U,256,0,SSD,No,Intel,HD Graphics 620,Budget,256,1,0,Intel,1,1,174.75
Acer,Aspire 5,Notebook,17.3,4,Windows 10,3.0,655.0,Full HD,1920,1080,No,Yes,No,Intel,2.7,Core i3 7130U,1024,0,HDD,No,Nvidia,GeForce MX130,Budget,1024,0,0,Intel,0,1,163.75
Lenovo,ThinkPad E480,Notebook,14.0,8,Windows 10,1.75,1116.02,Full HD,1920,1080,No,Yes,No,Intel,1.6,Core i5 8250U,256,0,SSD,No,AMD,Radeon RX 550,Mid-Range,256,1,0,Intel,1,1,139.5025
Lenovo,Legion Y520-15IKBN,Gaming,15.6,8,No OS,2.4,869.0,Full HD,1920,1080,No,Yes,No,Intel,2.8,Core i7 7700HQ,256,0,SSD,No,Nvidia,GeForce GTX 1050M,Mid-Range,256,1,0,Intel,0,1,108.625
Toshiba,Satellite Pro,Notebook,15.6,4,Windows 10,2.1,602.0,Standard,1366,768,No,No,No,Intel,2.3,Core i5 6200U,500,0,HDD,No,Intel,HD Graphics 520,Budget,500,0,0,Intel,0,0,150.5
HP,255 G6,Notebook,15.6,4,Windows 10,1.86,369.0,Standard,1366,768,No,No,No,AMD,2.5,A6-Series 9220,256,0,SSD,No,AMD,Radeon R4 Graphics,Budget,256,1,0,AMD,0,0,92.25
Asus,ZenBook UX430UA,Ultrabook,14.0,8,Windows 10,1.25,1099.0,Full HD,1920,1080,No,No,No,Intel,1.8,Core i7 8550U,256,0,SSD,No,Intel,UHD Graphics 620,Mid-Range,256,1,0,Intel,1,1,137.375
HP,EliteBook Folio,Ultrabook,12.5,8,Windows 10,0.97,2014.0,4K Ultra HD,3840,2160,Yes,Yes,No,Intel,1.2,Core M 6Y75,512,0,SSD,No,Intel,HD Graphics 515,Premium,512,1,0,Intel,1,1,251.75
Asus,X541NA (N3350/4GB/1TB/FHD/W10),Notebook,15.6,4,Windows 10,2.0,344.0,Full HD,1920,1080,No,No,No,Intel,1.1,Celeron Dual Core N3350,1024,0,HDD,No,Intel,HD Graphics 500,Budget,1024,0,0,Intel,0,1,86.0
MSI,GE72MVR 7RG,Gaming,17.3,16,Windows 10,2.9,2029.0,Full HD,1920,1080,No,No,No,Intel,2.8,Core i7 7700HQ,256,1024,SSD,HDD,Nvidia,GeForce GTX 1070,Premium,1280,1,1,Intel,0,1,126.8125
Acer,Aspire A315-51,Notebook,15.6,4,Windows 10,2.1,447.0,Standard,1366,768,No,No,No,Intel,2.0,Core i3 6006U,1024,0,HDD,No,Intel,HD Graphics 520,Budget,1024,0,0,Intel,0,0,111.75
Dell,Inspiron 5577,Gaming,15.6,16,Windows 10,2.56,1249.26,Full HD,1920,1080,No,No,No,Intel,2.8,Core i7 7700HQ,512,0,SSD,No,Nvidia,GeForce GTX 1050,Mid-Range,512,1,1,Intel,0,1,78.07875
Dell,Inspiron 7567,Gaming,15.6,8,Windows 10,2.62,899.0,Full HD,1920,1080,No,No,No,Intel,2.8,Core i7 7700HQ,1024,0,Hybrid,No,Nvidia,GeForce GTX 1050,Mid-Range,1024,0,0,Intel,0,1,112.375
Lenovo,V110-15IKB (i5-7200U/4GB/128GB/W10),Notebook,15.6,4,Windows 10,1.9,498.0,Standard,1366,768,No,No,No,Intel,2.5,Core i5 7200U,128,0,SSD,No,Intel,HD Graphics 620,Budget,128,1,0,Intel,0,0,124.5
MSI,GE73VR 7RE,Gaming,17.3,16,Windows 10,2.8,1890.0,Full HD,1920,1080,No,No,No,Intel,2.8,Core i7 7700HQ,256,1024,SSD,HDD,Nvidia,GeForce GTX 1060,Premium,1280,1,1,Intel,0,1,118.125
HP,EliteBook 840,Ultrabook,14.0,4,Windows 10,1.48,1082.0,Full HD,1920,1080,No,No,No,Intel,2.7,Core i5 7500U,256,0,SSD,No,Intel,HD Graphics 620,Mid-Range,256,1,0,Intel,1,1,270.5
HP,15-BS103nv (i5-8250U/6GB/256GB/Radeon,Notebook,15.6,6,Windows 10,1.91,619.0,Full HD,1920,1080,No,No,No,Intel,1.6,Core i5 8250U,256,0,SSD,No,AMD,Radeon 520,Budget,256,1,0,Intel,0,1,103.16666666666667
Lenovo,Yoga 520-14IKB,2 in 1 Convertible,14.0,4,Windows 10,1.74,629.0,Full HD,1920,1080,Yes,Yes,No,Intel,2.4,Core i3 7100U,256,0,SSD,No,Intel,HD Graphics 620,Budget,256,1,0,Intel,1,1,157.25
Asus,ZenBook Flip,2 in 1 Convertible,13.3,8,Windows 10,1.1,1315.0,Full HD,1920,1080,Yes,No,No,Intel,1.6,Core i5 8250U,256,0,SSD,No,Intel,HD Graphics 620,Mid-Range,256,1,0,Intel,1,1,164.375
Dell,Inspiron 5579,2 in 1 Convertible,15.6,8,Windows 10,1.56,1049.0,Full HD,1920,1080,Yes,No,No,Intel,1.8,Core i7 8550U,256,0,SSD,No,Intel,UHD Graphics 620,Mid-Range,256,1,0,Intel,1,1,131.125
Toshiba,Satellite Pro,Notebook,15.6,4,Windows 10,2.1,447.0,Standard,1366,768,No,No,No,Intel,2.2,Core i3 6006U,500,0,HDD,No,Intel,HD Graphics 520,Budget,500,0,0,Intel,0,0,111.75
Asus,X555BP-XX180T (A9-9420/4GB/1TB/Radeon,Notebook,15.6,4,Windows 10,2.03,403.0,Standard,1366,768,No,No,No,AMD,3.0,A9-Series 9420,1024,0,HDD,No,AMD,Radeon R5 M420,Budget,1024,0,0,AMD,0,0,100.75
Acer,Aspire A517-51G,Notebook,17.3,4,Windows 10,3.0,805.0,Full HD,1920,1080,No,Yes,No,Intel,1.6,Core i5 8250U,256,0,SSD,No,Nvidia,GeForce MX150,Mid-Range,256,1,0,Intel,0,1,201.25
Dell,Inspiron 3576,Notebook,15.6,8,Windows 10,2.13,728.0,Full HD,1920,1080,No,No,No,Intel,1.6,Core i5 8250U,256,0,SSD,No,AMD,Radeon 520,Budget,256,1,0,Intel,0,1,91.0
Lenovo,Legion Y520-15IKBN,Gaming,15.6,16,Windows 10,2.5,1079.0,Full HD,1920,1080,No,Yes,No,Intel,2.8,Core i7 7700HQ,256,0,SSD,No,Nvidia,GeForce GTX 1050 Ti,Mid-Range,256,1,1,Intel,0,1,67.4375
Acer,Aspire A315-31,Notebook,15.6,4,Windows 10,2.1,348.0,Standard,1366,768,No,No,No,Intel,1.1,Celeron Dual Core N3350,1024,0,HDD,No,Intel,HD Graphics 500,Budget,1024,0,0,Intel,0,0,87.0
MSI,GE63VR 7RE,Gaming,15.6,16,Windows 10,2.4,1799.0,Full HD,1920,1080,No,Yes,No,Intel,2.8,Core i7 7700HQ,256,1024,SSD,HDD,Nvidia,GeForce GTX 1060,Premium,1280,1,1,Intel,0,1,112.4375
Acer,Aspire 3,Notebook,15.6,4,Windows 10,2.1,363.51,Standard,1366,768,No,No,No,Intel,1.1,Pentium Quad Core N4200,1024,0,HDD,No,Intel,HD Graphics 505,Budget,1024,0,0,Intel,0,0,90.8775
Dell,Inspiron 5577,Gaming,15.6,8,Windows 10,2.56,1060.49,Full HD,1920,1080,No,No,No,Intel,2.8,Core i7 7700HQ,128,1024,SSD,HDD,Nvidia,GeForce GTX 1050,Mid-Range,1152,1,0,Intel,0,1,132.56125
Acer,Aspire A517-51G,Notebook,17.3,8,Windows 10,3.0,854.0,Full HD,1920,1080,No,Yes,No,Intel,1.6,Core i5 8250U,256,0,SSD,No,Nvidia,GeForce MX150,Mid-Range,256,1,0,Intel,0,1,106.75
HP,ProBook 430,Notebook,13.3,4,Windows 10,1.49,754.0,Full HD,1920,1080,No,Yes,No,Intel,1.6,Core i5 8250U,500,0,HDD,No,Intel,UHD Graphics 620,Budget,500,0,0,Intel,1,1,188.5
Huawei,MateBook X,Ultrabook,13.0,8,Windows 10,1.05,1349.0,Full HD,2160,1440,No,Yes,No,Intel,2.5,Core i5 7200U,256,0,SSD,No,Intel,HD Graphics 620,Mid-Range,256,1,0,Intel,1,1,168.625
HP,17-bs001nv (i5-7200U/6GB/2TB/Radeon,Notebook,17.3,6,Windows 10,2.71,699.0,Full HD,1920,1080,No,Yes,No,Intel,2.5,Core i5 7200U,2048,0,HDD,No,AMD,Radeon 520,Budget,2048,0,0,Intel,0,1,116.5
Lenovo,IdeaPad 320-15AST,Notebook,15.6,4,No OS,2.2,309.0,Standard,1366,768,No,No,No,AMD,2.9,A6-Series 9220,500,0,HDD,No,AMD,Radeon R4 Graphics,Budget,500,0,0,AMD,0,0,77.25
Toshiba,Satellite Pro,Notebook,15.6,4,Windows 10,2.0,489.0,Standard,1366,768,No,No,No,Intel,2.4,Core i3 7100U,500,0,HDD,No,Intel,HD Graphics 620,Budget,500,0,0,Intel,0,0,122.25
HP,ProBook 470,Notebook,17.3,8,Windows 10,2.5,923.0,Full HD,1920,1080,No,No,No,Intel,1.6,Core i5 8250U,256,0,SSD,No,Nvidia,GeForce 930MX,Mid-Range,256,1,0,Intel,0,1,115.375
Dell,Inspiron 3567,Notebook,15.6,8,Windows 10,2.3,459.0,Standard,1366,768,No,No,No,Intel,2.4,Core i3 7100U,1024,0,HDD,No,Intel,HD Graphics 620,Budget,1024,0,0,Intel,0,0,57.375
Acer,Aspire A315-51,Notebook,15.6,4,Windows 10,2.1,449.0,Standard,1366,768,No,No,No,Intel,2.0,Core i3 6006U,128,0,SSD,No,Intel,HD Graphics 520,Budget,128,1,0,Intel,0,0,112.25
MSI,GT80S 6QF-074US,Gaming,18.4,32,Windows 10,4.4,2799.0,Full HD,1920,1080,No,No,No,Intel,2.9,Core i7 6920HQ,512,1024,SSD,HDD,Nvidia,GTX 980 SLI,Premium,1536,1,1,Intel,0,1,87.46875
Lenovo,V310-15IKB (i5-7200U/8GB/1TB,Notebook,15.6,8,Windows 10,1.9,813.0,Full HD,1920,1080,No,No,No,Intel,2.5,Core i5 7200U,128,1024,SSD,HDD,AMD,R17M-M1-70,Mid-Range,1152,1,0,Intel,0,1,101.625
HP,Spectre x360,2 in 1 Convertible,13.3,8,Windows 10,1.29,1499.0,4K Ultra HD,3840,2160,Yes,Yes,No,Intel,1.6,Core i5 8250U,256,0,SSD,No,Intel,UHD Graphics 620,Mid-Range,256,1,0,Intel,1,1,187.375
Dell,Inspiron 5570,Notebook,15.6,16,Linux,2.02,1049.0,Full HD,1920,1080,No,No,No,Intel,1.8,Core i7 8550U,256,2048,SSD,HDD,AMD,Radeon 530,Mid-Range,2304,1,1,Intel,0,1,65.5625
Dell,XPS 13,Ultrabook,13.3,8,Windows 10,1.23,1399.0,Full HD,1920,1080,No,No,No,Intel,1.6,Core i5 8250U,256,0,SSD,No,Intel,UHD Graphics 620,Mid-Range,256,1,0,Intel,1,1,174.875
Lenovo,Yoga 920-13IKB,2 in 1 Convertible,13.9,16,Windows 10,1.4,1849.0,4K Ultra HD,3840,2160,Yes,Yes,No,Intel,1.8,Core i7 8550U,512,0,SSD,No,Intel,UHD Graphics 620,Premium,512,1,1,Intel,1,1,115.5625
Toshiba,Satellite Pro,Notebook,15.6,8,Windows 10,2.0,793.0,Standard,1366,768,No,No,No,Intel,2.5,Core i5 7200U,128,0,SSD,No,Intel,HD Graphics 620,Budget,128,1,0,Intel,0,0,99.125
Xiaomi,Mi Notebook,Notebook,15.6,8,No OS,1.95,1199.0,Full HD,1920,1080,No,Yes,No,Intel,1.6,Core i5 8250U,256,0,SSD,No,Nvidia,GeForce MX150,Mid-Range,256,1,0,Intel,0,1,149.875
Dell,Inspiron 7773,Notebook,17.3,16,Windows 10,2.77,1549.0,Full HD,1920,1080,Yes,No,No,Intel,1.8,Core i7 8550U,512,0,SSD,No,Nvidia,GeForce 150MX,Premium,512,1,1,Intel,0,1,96.8125
Dell,XPS 15,Notebook,15.6,16,Windows 10,2.06,2397.0,4K Ultra HD,3840,2160,Yes,No,No,Intel,2.8,Core i7 7700HQ,512,0,SSD,No,Nvidia,GeForce GTX 1050,Premium,512,1,1,Intel,0,1,149.8125
Lenovo,Legion Y520-15IKBN,Gaming,15.6,8,No OS,2.4,779.0,Full HD,1920,1080,No,Yes,No,Intel,2.5,Core i5 7300HQ,256,0,SSD,No,Nvidia,GeForce GTX 1050,Budget,256,1,0,Intel,0,1,97.375
Acer,Swift 7,Ultrabook,13.3,8,Windows 10,1.12,989.0,Full HD,1920,1080,No,Yes,No,Intel,1.2,Core i5 7Y54,256,0,SSD,No,Intel,HD Graphics 615,Mid-Range,256,1,0,Intel,1,1,123.625
Dell,Inspiron 5770,Notebook,17.3,8,Windows 10,2.8,1085.0,Full HD,1920,1080,No,No,No,Intel,1.8,Core i7 8550U,128,1024,SSD,HDD,AMD,Radeon 530,Mid-Range,1152,1,0,Intel,0,1,135.625
Lenovo,Thinkpad Yoga,2 in 1 Convertible,14.0,16,Windows 10,1.42,2824.0,Standard,2560,1440,Yes,No,No,Intel,2.7,Core i7 7500U,1024,0,SSD,No,Intel,HD Graphics 620,Premium,1024,1,1,Intel,1,1,176.5
Vero,K147 (N3350/4GB/32GB/FHD/W10),Notebook,14.0,4,Windows 10,1.3,260.0,Full HD,1920,1080,No,Yes,No,Intel,1.1,Celeron Dual Core N3350,32,0,Flash Storage,No,Intel,HD Graphics 500,Budget,32,0,0,Intel,1,1,65.0
Xiaomi,Mi Notebook,Ultrabook,13.3,8,No OS,1.3,999.9,Full HD,1920,1080,No,Yes,No,Intel,2.5,Core i5 7200U,256,0,SSD,No,Nvidia,GeForce MX150,Mid-Range,256,1,0,Intel,1,1,124.9875
Lenovo,IdeaPad 320-17IKBR,Notebook,17.3,8,No OS,2.8,698.0,Standard,1600,900,No,No,No,Intel,1.6,Core i5 8250U,256,0,SSD,No,Nvidia,GeForce MX150,Budget,256,1,0,Intel,0,0,87.25
Dell,Inspiron 5379,2 in 1 Convertible,13.3,8,Windows 10,1.62,839.0,Full HD,1920,1080,Yes,Yes,No,Intel,1.8,Core i7 8550U,1024,0,HDD,No,Intel,UHD Graphics 620,Mid-Range,1024,0,0,Intel,1,1,104.875
HP,ProBook 470,Notebook,17.3,8,Windows 10,2.5,914.0,Full HD,1920,1080,No,Yes,No,Intel,1.6,Core i5 8250U,1024,0,HDD,No,Nvidia,GeForce 930MX,Mid-Range,1024,0,0,Intel,0,1,114.25
Razer,Blade Pro,Gaming,17.3,32,Windows 10,3.49,6099.0,4K Ultra HD,3840,2160,Yes,No,No,Intel,2.9,Core i7 7820HK,1024,0,SSD,No,Nvidia,GeForce GTX 1080,,1024,1,1,Intel,0,1,190.59375
HP,ProBook 430,Notebook,13.3,8,Windows 10,1.49,959.0,Full HD,1920,1080,No,No,No,Intel,1.6,Core i5 8250U,512,0,SSD,No,Intel,UHD Graphics 620,Mid-Range,512,1,0,Intel,1,1,119.875
HP,Omen 17-W295,Gaming,17.3,16,Windows 10,3.35,1379.0,Full HD,1920,1080,No,Yes,No,Intel,2.8,Core i7 7700HQ,256,1024,SSD,HDD,Nvidia,GeForce GTX 1050,Mid-Range,1280,1,1,Intel,0,1,86.1875
HP,Probook 470,Notebook,17.3,8,Windows 10,2.5,1045.0,Full HD,1920,1080,No,No,No,Intel,1.8,Core i7 8550U,256,0,SSD,No,Nvidia,GeForce 930MX ,Mid-Range,256,1,0,Intel,0,1,130.625
Dell,Inspiron 7577,Gaming,15.6,16,Windows 10,2.65,1845.0,4K Ultra HD,3840,2160,No,Yes,No,Intel,2.8,Core i7 7700HQ,512,1024,SSD,HDD,Nvidia,GeForce GTX 1060,Premium,1536,1,1,Intel,0,1,115.3125
Lenovo,V110-15ISK (i5-6200U/4GB/128GB/W10),Notebook,15.6,4,Windows 10,2.1,493.0,Standard,1366,768,No,No,No,Intel,2.3,Core i5 6200U,128,0,SSD,No,Intel,HD Graphics 520,Budget,128,1,0,Intel,0,0,123.25
Acer,Aspire E5-576G,Notebook,15.6,8,Windows 10,2.23,742.0,Full HD,1920,1080,No,No,No,Intel,2.7,Core i7 7500U,1024,0,HDD,No,Nvidia,GeForce 940MX,Budget,1024,0,0,Intel,0,1,92.75
Lenovo,Legion Y720-15IKB,Gaming,15.6,16,Windows 10,3.2,1749.0,Full HD,1920,1080,No,Yes,No,Intel,2.8,Core i7 7700HQ,512,1024,SSD,HDD,Nvidia,GeForce GTX 1060,Premium,1536,1,1,Intel,0,1,109.3125
Dell,Precision 7520,Workstation,15.6,16,Windows 10,2.8,3055.0,4K Ultra HD,3840,2160,No,No,No,Intel,3.0,Xeon E3-1505M V6,256,1024,SSD,HDD,Nvidia,Quadro M1200,,1280,1,1,Intel,0,1,190.9375
Lenovo,Legion Y520-15IKBN,Gaming,15.6,16,No OS,2.4,1398.0,Full HD,1920,1080,No,No,No,Intel,2.8,Core i7 7700HQ,512,0,SSD,No,Nvidia,GeForce GTX 1060,Mid-Range,512,1,1,Intel,0,1,87.375
Dell,Inspiron 3567,Notebook,15.6,6,Windows 10,2.3,439.0,Standard,1366,768,Yes,No,No,Intel,2.4,Core i3 7100U,1024,0,HDD,No,Intel,HD Graphics 620,Budget,1024,0,0,Intel,0,0,73.16666666666667
Dell,XPS 13,Ultrabook,13.3,8,Windows 10,1.21,1949.0,4K Ultra HD,3840,2160,Yes,Yes,No,Intel,1.8,Core i7 8550U,256,0,SSD,No,Intel,UHD Graphics 620,Premium,256,1,0,Intel,1,1,243.625
Dell,XPS 13,Ultrabook,13.3,8,Windows 10,1.2,1449.0,Full HD,1920,1080,No,No,No,Intel,1.8,Core i7 8550U,256,0,SSD,No,Intel,UHD Graphics 620,Mid-Range,256,1,0,Intel,1,1,181.125
Lenovo,IdeaPad 320-15IKBN,Notebook,15.6,8,Windows 10,2.2,597.0,Standard,1366,768,No,No,No,Intel,2.5,Core i5 7200U,256,0,SSD,No,Intel,HD Graphics 620,Budget,256,1,0,Intel,0,0,74.625
Acer,Aspire 7,Notebook,15.6,8,Linux,2.4,779.0,Full HD,1920,1080,No,No,No,Intel,2.8,Core i7 7700HQ,1024,0,HDD,No,Nvidia,GeForce GTX 1050,Budget,1024,0,0,Intel,0,1,97.375
Asus,ROG GL703VD-GC028T,Gaming,17.3,16,Windows 10,2.9,1407.0,Full HD,1920,1080,No,No,No,Intel,2.8,Core i7 7700HQ,256,1024,SSD,HDD,Nvidia,GeForce GTX 1050,Mid-Range,1280,1,1,Intel,0,1,87.9375
HP,15-bs018nq (i3-6006U/4GB/500GB/FHD/No,Notebook,15.6,4,No OS,2.1,349.0,Full HD,1920,1080,No,No,No,Intel,2.0,Core i3 6006U,500,0,HDD,No,Intel,HD Graphics 520,Budget,500,0,0,Intel,0,1,87.25
Lenovo,IdeaPad 320-15IKBN,Notebook,15.6,8,No OS,2.2,549.0,Full HD,1920,1080,No,No,No,Intel,2.5,Core i5 7200U,256,0,SSD,No,Intel,HD Graphics 620,Budget,256,1,0,Intel,0,1,68.625
Huawei,MateBook X,Ultrabook,13.0,8,Windows 10,1.05,1499.0,Full HD,2160,1440,No,Yes,No,Intel,2.7,Core i7 7500U,512,0,SSD,No,Intel,HD Graphics 620,Mid-Range,512,1,0,Intel,1,1,187.375
Dell,Inspiron 5370,Ultrabook,13.3,8,Windows 10,1.4,931.88,Full HD,1920,1080,No,Yes,No,Intel,1.8,Core i7 8550U,256,0,SSD,No,AMD,Radeon 530,Mid-Range,256,1,0,Intel,1,1,116.485
Lenovo,IdeaPad 320-17IKB,Notebook,17.3,8,No OS,2.8,589.0,Standard,1600,900,No,No,No,Intel,2.5,Core i5 7200U,1024,0,HDD,No,Nvidia,GeForce GTX 940MX,Budget,1024,0,0,Intel,0,0,73.625
HP,Probook 440,Notebook,14.0,8,Windows 10,1.63,1031.0,Full HD,1920,1080,No,No,No,Intel,1.8,Core i7 8550U,256,0,SSD,No,Nvidia,GeForce 930MX,Mid-Range,256,1,0,Intel,1,1,128.875
Dell,Latitude 5490,Ultrabook,14.0,8,Windows 10,1.6,1149.0,Full HD,1920,1080,No,No,No,Intel,1.6,Core i5 8250U,256,0,SSD,No,Intel,UHD Graphics 620,Mid-Range,256,1,0,Intel,1,1,143.625
Dell,Inspiron 5379,2 in 1 Convertible,13.3,16,Windows 10,1.62,1279.0,Full HD,1920,1080,Yes,No,No,Intel,1.8,Core i7 8550U,512,0,SSD,No,Intel,UHD Graphics 620,Mid-Range,512,1,1,Intel,1,1,79.9375
Dell,Inspiron 3576,Notebook,15.6,8,Linux,2.2,677.35,Full HD,1920,1080,No,No,No,Intel,1.6,Core i5 8250U,256,0,SSD,No,AMD,Radeon 520,Budget,256,1,0,Intel,0,1,84.66875
Lenovo,Yoga 520-14IKB,2 in 1 Convertible,14.0,8,Windows 10,1.74,899.0,Full HD,1920,1080,No,Yes,No,Intel,1.6,Core i5 8250U,256,0,SSD,No,Intel,UHD Graphics 620,Mid-Range,256,1,0,Intel,1,1,112.375
Toshiba,Portege Z30-C-16L,Ultrabook,13.3,8,Windows 10,1.2,1363.0,Full HD,1920,1080,No,No,No,Intel,2.5,Core i7 6500U,256,0,SSD,No,Intel,HD Graphics 520,Mid-Range,256,1,0,Intel,1,1,170.375
HP,ProBook 450,Notebook,15.6,8,Windows 10,2.1,794.0,Full HD,1920,1080,No,No,No,Intel,1.6,Core i5 8250U,1024,0,HDD,No,Intel,UHD Graphics 620,Budget,1024,0,0,Intel,0,1,99.25
Dell,Alienware 17,Gaming,17.3,16,Windows 10,4.42,2456.34,Full HD,1920,1080,No,Yes,No,Intel,2.8,Core i7 7700HQ,256,1024,SSD,HDD,Nvidia,GeForce GTX 1060,Premium,1280,1,1,Intel,0,1,153.52125
Acer,Aspire E5-576G,Notebook,15.6,8,Windows 10,2.2,832.0,Full HD,1920,1080,No,No,No,Intel,2.7,Core i7 7500U,256,0,SSD,No,Nvidia,GeForce 940MX,Mid-Range,256,1,0,Intel,0,1,104.0
Dell,Inspiron 5567,Notebook,15.6,16,Windows 10,2.3,859.01,Full HD,1920,1080,Yes,No,No,Intel,2.7,Core i7 7500U,1024,0,HDD,No,AMD,Radeon R7 M445,Mid-Range,1024,0,1,Intel,0,1,53.688125
Asus,Vivobook X541UV-DM1217T,Notebook,15.6,8,Windows 10,2.0,769.0,Full HD,1920,1080,No,No,No,Intel,2.5,Core i5 7200U,256,0,SSD,No,Nvidia,GeForce 920MX ,Budget,256,1,0,Intel,0,1,96.125
Asus,K756UX-T4340T (i5-7200U/8GB/500GB,Notebook,17.3,8,Windows 10,2.69,891.0,Full HD,1920,1080,No,No,No,Intel,2.5,Core i5 7200U,256,500,SSD,HDD,Nvidia,GeForce GTX 950M,Mid-Range,756,1,0,Intel,0,1,111.375
HP,ZBook 15u,Notebook,15.6,8,Windows 10,1.9,1269.0,Full HD,1920,1080,No,No,No,Intel,2.7,Core i7 7500U,1024,0,HDD,No,AMD,FirePro W4190M ,Mid-Range,1024,0,0,Intel,0,1,158.625
Asus,Pro P2540UA-XO0198T,Notebook,15.6,4,Windows 10,2.37,398.99,Standard,1366,768,No,No,No,Intel,2.4,Core i3 7100U,1024,0,HDD,No,Intel,HD Graphics 620,Budget,1024,0,0,Intel,0,0,99.7475
HP,15-rb013nv (E2-9000e/4GB/500GB/W10),Notebook,15.6,4,Windows 10,2.1,330.0,Standard,1366,768,No,No,No,AMD,1.5,E-Series 9000e,500,0,HDD,No,AMD,Radeon R2,Budget,500,0,0,AMD,0,0,82.5
Lenovo,Legion Y720-15IKB,Gaming,15.6,16,Windows 10,3.2,1499.0,Full HD,1920,1080,No,Yes,No,Intel,2.8,Core i7 7700HQ,256,1024,SSD,HDD,Nvidia,GeForce GTX 1060,Mid-Range,1280,1,1,Intel,0,1,93.6875
Dell,Vostro 5468,Notebook,14.0,8,Windows 10,1.6,859.0,Full HD,1920,1080,No,No,No,Intel,2.5,Core i5 7200U,256,0,SSD,No,Intel,HD Graphics 620,Mid-Range,256,1,0,Intel,1,1,107.375
Acer,Aspire R7,2 in 1 Convertible,13.3,8,Windows 10,1.6,689.0,Full HD,1920,1080,Yes,Yes,No,Intel,2.3,Core i5 6200U,256,0,SSD,No,Intel,HD Graphics 520,Budget,256,1,0,Intel,1,1,86.125
Dell,Inspiron 5567,Notebook,15.6,16,Linux,2.36,899.0,Full HD,1920,1080,No,No,No,Intel,2.7,Core i7 7500U,256,0,SSD,No,AMD,Radeon R7 M445,Mid-Range,256,1,1,Intel,0,1,56.1875
Acer,Aspire A315-51,Notebook,15.6,4,Linux,2.1,390.0,Standard,1366,768,No,No,No,Intel,2.0,Core i3 6006U,1024,0,HDD,No,Intel,HD Graphics 520,Budget,1024,0,0,Intel,0,0,97.5
Asus,X555QG-DM242T (A10-9620P/4GB/1TB,Notebook,15.6,4,Windows 10,2.2,575.0,Full HD,1920,1080,No,No,No,AMD,2.5,A10-Series A10-9620P,128,1024,SSD,HDD,AMD,Radeon R5 M430,Budget,1152,1,0,AMD,0,1,143.75
Asus,ROG G703VI-E5062T,Gaming,17.3,32,Windows 10,4.7,3890.0,Full HD,1920,1080,No,No,No,Intel,2.9,Core i7 7820HK,512,1024,SSD,HDD,Nvidia,GeForce GTX 1080,,1536,1,1,Intel,0,1,121.5625
Acer,Nitro AN515-51,Gaming,15.6,8,Windows 10,2.5,846.0,Full HD,1920,1080,No,Yes,No,Intel,2.5,Core i5 7300HQ,256,0,SSD,No,Nvidia,GeForce GTX 1050,Mid-Range,256,1,0,Intel,0,1,105.75
Lenovo,IdeaPad 320-15ISK,Notebook,15.6,8,Windows 10,2.2,589.0,Standard,1366,768,No,No,No,Intel,2.0,Core i3 6006U,128,0,SSD,No,Intel,HD Graphics 520,Budget,128,1,0,Intel,0,0,73.625
Asus,VivoBook Pro,Notebook,17.3,8,Windows 10,2.1,1145.0,Full HD,1920,1080,No,No,No,Intel,1.8,Core i7 8550U,128,1024,SSD,HDD,Nvidia,GeForce 150MX,Mid-Range,1152,1,0,Intel,0,1,143.125
Asus,F756UX-T4201D (i7-7500U/8GB/128GB,Notebook,17.3,8,No OS,2.69,889.0,Full HD,1920,1080,No,No,No,Intel,2.7,Core i7 7500U,128,1024,SSD,HDD,Nvidia,GeForce GTX 950M,Mid-Range,1152,1,0,Intel,0,1,111.125
Dell,Inspiron 5577,Gaming,15.6,8,Windows 10,2.56,879.0,Full HD,1920,1080,No,No,No,Intel,2.5,Core i5 7300HQ,256,0,SSD,No,Nvidia,GeForce GTX 1050,Mid-Range,256,1,0,Intel,0,1,109.875
Lenovo,Yoga 910-13IKB,2 in 1 Convertible,13.9,8,Windows 10,1.38,1079.0,Full HD,1920,1080,Yes,Yes,No,Intel,2.7,Core i7 7500U,256,0,SSD,No,Intel,HD Graphics 620,Mid-Range,256,1,0,Intel,1,1,134.875
Dell,Inspiron 5570,Notebook,15.6,8,Windows 10,2.2,985.0,Full HD,1920,1080,No,No,No,Intel,1.8,Core i7 8550U,128,2048,SSD,HDD,AMD,Radeon 530,Mid-Range,2176,1,0,Intel,0,1,123.125
HP,15-bs015dx (i5-7200U/8GB/1TB/W10),Notebook,15.6,8,Windows 10,2.04,559.0,Standard,1366,768,Yes,No,No,Intel,2.5,Core i5 7200U,1024,0,HDD,No,Intel,HD Graphics 620,Budget,1024,0,0,Intel,0,0,69.875
Asus,Rog G701VIK-BA060T,Gaming,17.3,16,Windows 10,3.6,2999.0,Full HD,1920,1080,No,No,No,Intel,2.9,Core i7 7820HK,256,0,SSD,No,Nvidia,GeForce GTX 1080,Premium,256,1,1,Intel,0,1,187.4375
HP,ProBook 430,Notebook,13.3,4,Windows 10,1.49,675.0,Full HD,1920,1080,No,Yes,No,Intel,1.6,Core i5 8250U,500,0,HDD,No,Intel,UHD Graphics 620,Budget,500,0,0,Intel,1,1,168.75
Apple,MacBook Pro,Ultrabook,13.3,8,macOS,1.37,2040.0,Standard,2560,1600,No,Yes,Yes,Intel,3.1,Core i5,512,0,SSD,No,Intel,Iris Plus Graphics 650,Premium,512,1,0,Intel,1,1,255.0
Dell,Inspiron 5579,2 in 1 Convertible,15.6,8,Windows 10,2.08,819.0,Full HD,1920,1080,Yes,Yes,No,Intel,1.8,Core i7 8550U,1024,0,HDD,No,Intel,UHD Graphics 620,Mid-Range,1024,0,0,Intel,0,1,102.375
Asus,ROG G752VSK-GC493T,Gaming,17.3,16,Windows 10,4.3,1799.0,Full HD,1920,1080,No,No,No,Intel,2.8,Core i7 7700HQ,256,1024,SSD,HDD,Nvidia,GeForce GTX 980M,Premium,1280,1,1,Intel,0,1,112.4375
Asus,X505BP-BR019T (A9-9420/4GB/1TB/Radeon,Notebook,15.6,4,Windows 10,1.68,469.0,Standard,1366,768,No,No,No,AMD,3.0,A9-Series 9420,1024,0,HDD,No,AMD,Radeon R5 M420,Budget,1024,0,0,AMD,1,0,117.25
Lenovo,Yoga 920-13IKB,2 in 1 Convertible,13.9,8,Windows 10,1.37,1849.0,Full HD,1920,1080,Yes,Yes,No,Intel,1.8,Core i7 8550U,512,0,SSD,No,Intel,UHD Graphics 620,Premium,512,1,0,Intel,1,1,231.125
Acer,Aspire 5,Notebook,17.3,4,Windows 10,3.0,702.0,Full HD,1920,1080,No,Yes,No,Intel,2.7,Core i3 7130U,256,0,SSD,No,Nvidia,GeForce MX130,Budget,256,1,0,Intel,0,1,175.5
Dell,Vostro 5370,Ultrabook,13.3,8,Windows 10,1.41,949.0,Full HD,1920,1080,No,No,No,Intel,1.6,Core i5 8250U,256,0,SSD,No,Intel,UHD Graphics 620,Mid-Range,256,1,0,Intel,1,1,118.625
HP,15-BW094nd (A6-9220/8GB/128GB/W10),Notebook,15.6,8,Windows 10,1.91,445.9,Standard,1366,768,No,No,No,AMD,2.5,A6-Series A6-9220,128,0,SSD,No,AMD,Radeon R4 Graphics,Budget,128,1,0,AMD,0,0,55.7375
HP,Envy 17-U275cl,Notebook,17.3,16,Windows 10,2.9,1059.0,Full HD,1920,1080,No,Yes,No,Intel,1.8,Core i7 8550U,1024,0,HDD,No,Nvidia,GeForce MX150,Mid-Range,1024,0,1,Intel,0,1,66.1875
MSI,GT73EVR 7RE,Gaming,17.3,16,Windows 10,4.14,2499.0,Full HD,1920,1080,No,No,No,Intel,2.8,Core i7 7700HQ,512,1024,SSD,HDD,Nvidia,GeForce GTX 1070,Premium,1536,1,1,Intel,0,1,156.1875
Lenovo,Yoga 720-15IKB,2 in 1 Convertible,15.6,8,Windows 10,2.0,1699.0,Full HD,1920,1080,Yes,Yes,No,Intel,2.8,Core i7 7700HQ,512,0,SSD,No,Nvidia,GeForce GTX 1050M,Premium,512,1,0,Intel,0,1,212.375
Dell,Inspiron 5770,Notebook,17.3,8,Windows 10,2.8,1142.0,Full HD,1920,1080,No,No,No,Intel,1.8,Core i7 8550U,128,1024,SSD,HDD,AMD,Radeon 530,Mid-Range,1152,1,0,Intel,0,1,142.75
Lenovo,IdeaPad 320-15ISK,Notebook,15.6,4,No OS,2.2,444.0,Full HD,1920,1080,No,No,No,Intel,2.0,Core i3 6006U,256,0,SSD,No,Intel,HD Graphics 520,Budget,256,1,0,Intel,0,1,111.0
HP,ProBook 450,Notebook,15.6,4,Windows 10,2.1,722.0,Full HD,1920,1080,No,Yes,No,Intel,1.6,Core i5 8250U,500,0,HDD,No,Intel,HD Graphics 620,Budget,500,0,0,Intel,0,1,180.5
Dell,Vostro 3568,Notebook,15.6,4,Windows 10,2.18,657.0,Full HD,1920,1080,No,No,No,Intel,2.5,Core i5 7200U,1024,0,HDD,No,Intel,HD Graphics 620,Budget,1024,0,0,Intel,0,1,164.25
Dell,Inspiron 3567,Notebook,15.6,8,Windows 10,2.24,565.0,Full HD,1920,1080,No,No,No,Intel,2.5,Core i5 7200U,1024,0,HDD,No,AMD,Radeon R5 M430,Budget,1024,0,0,Intel,0,1,70.625
Dell,Inspiron 5579,2 in 1 Convertible,15.6,8,Windows 10,2.67,799.0,Full HD,1920,1080,Yes,No,No,Intel,1.6,Core i5 8250U,256,0,SSD,No,Intel,UHD Graphics 620,Budget,256,1,0,Intel,0,1,99.875
Asus,ZenBook Flip,2 in 1 Convertible,13.3,8,Windows 10,1.1,1499.0,Full HD,1920,1080,Yes,No,No,Intel,1.8,Core i7 8550U,512,512,SSD,SSD,Intel,UHD Graphics 620,Mid-Range,1024,1,0,Intel,1,1,187.375
Lenovo,IdeaPad 320-15IKBN,Notebook,15.6,4,No OS,2.2,467.0,Full HD,1920,1080,No,No,No,Intel,2.5,Core i5 7200U,1024,0,HDD,No,Intel,HD Graphics 620,Budget,1024,0,0,Intel,0,1,116.75
HP,Probook 470,Notebook,17.3,8,Windows 10,2.5,1018.0,Full HD,1920,1080,No,No,No,Intel,1.8,Core i7 8550U,1024,0,HDD,No,Nvidia,GeForce 930MX ,Mid-Range,1024,0,0,Intel,0,1,127.25
Lenovo,V330-15IKB (i7-8550U/8GB/256GB/FHD/W10),Notebook,15.6,8,Windows 10,2.05,880.0,Full HD,1920,1080,No,No,No,Intel,1.8,Core i7 8550U,256,0,SSD,No,Intel,UHD Graphics 620,Mid-Range,256,1,0,Intel,0,1,110.0
Apple,MacBook Pro,Ultrabook,13.3,8,macOS,1.37,1958.9,Standard,2560,1600,No,Yes,Yes,Intel,2.9,Core i5,512,0,SSD,No,Intel,Iris Graphics 550,Premium,512,1,0,Intel,1,1,244.8625
Asus,Rog Strix,Gaming,17.3,16,Windows 10,3.2,1549.0,Full HD,1920,1080,No,No,No,AMD,3.0,Ryzen 1700,256,1024,SSD,HDD,AMD,Radeon RX 580,Premium,1280,1,1,AMD,0,1,96.8125
Dell,Inspiron 3576,Notebook,15.6,8,Linux,2.14,735.07,Full HD,1920,1080,No,No,No,Intel,1.8,Core i7 8550U,256,0,SSD,No,AMD,Radeon 520,Budget,256,1,0,Intel,0,1,91.88375
Lenovo,ThinkPad X1,2 in 1 Convertible,14.0,16,Windows 10,1.36,2499.0,Standard,2560,1440,Yes,No,No,Intel,2.6,Core i7 6600U,512,0,SSD,No,Intel,HD Graphics 520,Premium,512,1,1,Intel,1,1,156.1875
Toshiba,Satellite Pro,Notebook,15.6,8,Windows 10,2.2,812.0,Standard,1366,768,No,No,No,Intel,2.5,Core i7 6500U,500,0,HDD,No,Nvidia,GeForce 930M,Mid-Range,500,0,0,Intel,0,0,101.5
Dell,Inspiron 5567,Notebook,15.6,12,Windows 10,2.3,713.07,Standard,1366,768,No,No,No,Intel,2.7,Core i7 7500U,1024,0,HDD,No,Intel,HD Graphics 620,Budget,1024,0,0,Intel,0,0,59.42250000000001
Dell,Inspiron 5770,Notebook,17.3,8,Linux,2.8,1099.0,Full HD,1920,1080,No,No,No,Intel,1.8,Core i7 8550U,128,1024,SSD,HDD,AMD,Radeon 530,Mid-Range,1152,1,0,Intel,0,1,137.375
Acer,Aspire A515-51G,Notebook,15.6,8,Windows 10,2.2,745.0,Full HD,1920,1080,No,Yes,No,Intel,1.8,Core i7 8550U,1024,0,HDD,No,Nvidia,GeForce MX130,Budget,1024,0,0,Intel,0,1,93.125
Lenovo,IdeaPad 320-17ISK,Notebook,17.3,4,Windows 10,2.8,489.0,Standard,1600,900,No,No,No,Intel,2.0,Core i3 6006U,1024,0,HDD,No,Intel,HD Graphics 520,Budget,1024,0,0,Intel,0,0,122.25
Lenovo,IdeaPad 320-17IKBR,Notebook,17.3,8,No OS,2.8,849.0,Full HD,1920,1080,No,No,No,Intel,1.8,Core i7 8550U,2048,0,HDD,No,Nvidia,GeForce MX150,Mid-Range,2048,0,0,Intel,0,1,106.125
Lenovo,IdeaPad 320-17IKB,Notebook,17.3,6,Windows 10,2.8,859.0,Standard,1600,900,No,No,No,Intel,2.7,Core i7 7500U,128,1024,SSD,HDD,Nvidia,GeForce 940MX,Mid-Range,1152,1,0,Intel,0,0,143.16666666666666
Dell,Inspiron 3567,Notebook,15.6,4,Linux,2.25,428.0,Full HD,1920,1080,No,No,No,Intel,2.0,Core i3 6006U,1024,0,HDD,No,AMD,Radeon R5 M430,Budget,1024,0,0,Intel,0,1,107.0
Lenovo,Legion Y520-15IKBN,Gaming,15.6,8,Windows 10,2.5,829.0,Full HD,1920,1080,No,Yes,No,Intel,2.5,Core i5 7300HQ,256,0,SSD,No,Nvidia,GeForce GTX 1050,Mid-Range,256,1,0,Intel,0,1,103.625
Lenovo,Ideapad 320-15IKBN,Notebook,15.6,6,Windows 10,2.2,579.0,Full HD,1920,1080,No,No,No,Intel,2.5,Core i5 7200U,256,0,SSD,No,Intel,HD Graphics 620,Budget,256,1,0,Intel,0,1,96.5
Acer,Aspire A517-51G,Notebook,15.6,8,Windows 10,3.0,951.0,Full HD,1920,1080,No,Yes,No,Intel,1.8,Core i7 8550U,256,0,SSD,No,Nvidia,GeForce MX150,Mid-Range,256,1,0,Intel,0,1,118.875
Acer,SP315-51 (i7-7500U/12GB/1TB/FHD/W10),Notebook,15.6,12,Windows 10,2.15,659.0,Full HD,1920,1080,Yes,Yes,No,Intel,2.7,Core i7 7500U,1024,0,HDD,No,Intel,HD Graphics 620,Budget,1024,0,0,Intel,0,1,54.916666666666664
Lenovo,Thinkpad T570,Notebook,15.6,8,Windows 10,1.95,1097.0,Full HD,1920,1080,No,Yes,No,Intel,2.7,Core i7 7500U,256,0,SSD,No,Intel,HD Graphics 630,Mid-Range,256,1,0,Intel,0,1,137.125
Asus,VivoBook S15,Ultrabook,15.6,8,Windows 10,1.7,977.0,Full HD,1920,1080,No,No,No,Intel,2.5,Core i5 7200U,256,0,SSD,No,Nvidia,GeForce 940MX,Mid-Range,256,1,0,Intel,1,1,122.125
Lenovo,Legion Y520-15IKBN,Gaming,15.6,16,Windows 10,2.5,1179.0,Full HD,1920,1080,No,Yes,No,Intel,2.8,Core i7 7700HQ,256,1024,SSD,HDD,Nvidia,GeForce GTX 1050 Ti,Mid-Range,1280,1,1,Intel,0,1,73.6875
Lenovo,IdeaPad 320-15IKB,Notebook,15.6,8,No OS,2.2,659.01,Full HD,1920,1080,No,No,No,Intel,2.7,Core i7 7500U,1024,0,HDD,No,Nvidia,GeForce 940MX,Budget,1024,0,0,Intel,0,1,82.37625
Acer,Chromebook C910-C2ST,Notebook,15.6,2,Chrome OS,2.19,199.0,Standard,1366,768,No,No,No,Intel,1.5,Celeron Dual Core 3205U,16,0,SSD,No,Intel,HD Graphics,Budget,16,1,0,Intel,0,0,99.5
Asus,FX753VD-GC071T (i7-7700HQ/8GB/1TB/GeForce,Gaming,17.3,8,Windows 10,3.0,1187.0,Full HD,1920,1080,No,No,No,Intel,2.8,Core i7 7700HQ,1024,0,HDD,No,Nvidia,GeForce GTX 1050,Mid-Range,1024,0,0,Intel,0,1,148.375
HP,17-BS037cl (i3-6006U/8GB/1TB/W10),Notebook,17.3,8,Windows 10,2.54,489.0,Standard,1600,900,No,No,No,Intel,2.0,Core i3 6006U,1024,0,HDD,No,Intel,HD Graphics 520,Budget,1024,0,0,Intel,0,0,61.125
Dell,XPS 15,Notebook,15.6,8,Windows 10,2.0,1829.0,Full HD,1920,1080,No,No,No,Intel,2.8,Core i7 7700HQ,256,0,SSD,No,Nvidia,GeForce GTX 1050,Premium,256,1,0,Intel,0,1,228.625
Lenovo,V330-15IKB (i5-8250U/8GB/256GB/FHD/W10),Notebook,15.6,8,Windows 10,2.05,739.0,Full HD,1920,1080,No,No,No,Intel,1.6,Core i5 8250U,256,0,SSD,No,Intel,UHD Graphics 620,Budget,256,1,0,Intel,0,1,92.375
Lenovo,Legion Y720-15IKB,Gaming,15.6,8,Windows 10,3.2,1299.0,Full HD,1920,1080,No,Yes,No,Intel,2.8,Core i7 7700HQ,1024,0,HDD,No,Nvidia,GeForce GTX 1060,Mid-Range,1024,0,0,Intel,0,1,162.375
Acer,Aspire A715-71G,Notebook,15.6,8,Linux,2.5,979.0,Full HD,1920,1080,No,No,No,Intel,2.8,Core i7 7700HQ,256,0,SSD,No,Nvidia,GeForce GTX 1050 Ti,Mid-Range,256,1,0,Intel,0,1,122.375
Dell,Precision 7720,Workstation,17.3,16,Windows 10,3.42,2884.86,Full HD,1920,1080,No,No,No,Intel,2.9,Core i7 7820HQ,256,0,SSD,No,Nvidia,Quadro M1200,Premium,256,1,1,Intel,0,1,180.30375
Lenovo,IdeaPad 310-15ABR,Notebook,15.6,6,Windows 10,2.4,499.0,Full HD,1920,1080,No,No,No,AMD,2.4,A10-Series 9600P,1024,0,HDD,No,AMD,Radeon R5 430,Budget,1024,0,0,AMD,0,1,83.16666666666667
Asus,ZenBook UX530UQ-PRO,Ultrabook,15.6,16,Windows 10,1.63,1468.0,Full HD,1920,1080,No,No,No,Intel,2.7,Core i7 7500U,512,0,SSD,No,Nvidia,GeForce 940MX,Mid-Range,512,1,1,Intel,1,1,91.75
Asus,VivoBook S14,Notebook,14.0,4,Windows 10,1.3,509.0,Standard,1366,768,No,No,No,Intel,2.4,Core i3 7100U,128,0,SSD,No,Intel,HD Graphics 620,Budget,128,1,0,Intel,1,0,127.25
Asus,Rog GL702VS-GC095T,Gaming,17.3,16,Windows 10,2.9,2122.0,Full HD,1920,1080,No,No,No,Intel,2.8,Core i7 7700HQ,256,1024,SSD,HDD,Nvidia,GeForce GTX 1070,Premium,1280,1,1,Intel,0,1,132.625
Lenovo,IdeaPad 320-17IKB,Notebook,17.3,6,Windows 10,2.8,649.0,Standard,1600,900,No,No,No,Intel,2.5,Core i5 7200U,1024,0,HDD,No,Nvidia,GeForce GTX 940M,Budget,1024,0,0,Intel,0,0,108.16666666666667
Lenovo,IdeaPad 320-15IKBN,Notebook,15.6,8,No OS,2.2,549.0,Standard,1366,768,No,No,No,Intel,2.5,Core i5 7200U,2048,0,HDD,No,Nvidia,GeForce 940MX,Budget,2048,0,0,Intel,0,0,68.625
Asus,GL553VE-FY082T (i7-7700HQ/8GB/1TB,Gaming,15.6,8,Windows 10,2.5,1265.0,Full HD,1920,1080,No,No,No,Intel,2.8,Core i7 7700HQ,128,1024,SSD,HDD,Nvidia,GeForce GTX 1050 Ti,Mid-Range,1152,1,0,Intel,0,1,158.125
Lenovo,IdeaPad 320-15IAP,Notebook,15.6,4,No OS,2.2,359.99,Standard,1366,768,No,No,No,Intel,1.1,Pentium Quad Core N4200,1024,0,HDD,No,Intel,HD Graphics 505,Budget,1024,0,0,Intel,0,0,89.9975
HP,EliteBook x360,2 in 1 Convertible,13.3,16,Windows 10,1.28,1975.0,Full HD,1920,1080,Yes,No,No,Intel,2.8,Core i7 7600U,256,0,SSD,No,Intel,HD Graphics 620,Premium,256,1,1,Intel,1,1,123.4375
Toshiba,Satellite Pro,Notebook,15.6,8,Windows 10,2.2,1043.0,Full HD,1920,1080,No,Yes,No,Intel,2.5,Core i7 6500U,256,0,SSD,No,Nvidia,GeForce 930M,Mid-Range,256,1,0,Intel,0,1,130.375
Lenovo,IdeaPad 320-15IKB,Notebook,15.6,8,Windows 10,2.3,819.0,Full HD,1920,1080,No,No,No,Intel,2.5,Core i5 7200U,128,1024,SSD,HDD,Nvidia,GeForce 940MX,Mid-Range,1152,1,0,Intel,0,1,102.375
HP,250 G6,Notebook,15.6,4,Windows 10,1.86,469.0,Full HD,1920,1080,No,No,No,Intel,2.0,Core i3 6006U,1024,0,HDD,No,Intel,HD Graphics 520,Budget,1024,0,0,Intel,0,1,117.25
Lenovo,IdeaPad 720S-13IKB,Notebook,13.3,8,Windows 10,1.1,999.0,Full HD,1920,1080,No,Yes,No,Intel,2.5,Core i5 7200U,256,0,SSD,No,Intel,HD Graphics 620,Mid-Range,256,1,0,Intel,1,1,124.875
Dell,XPS 13,Ultrabook,13.3,16,Windows 10,1.21,2499.0,4K Ultra HD,3840,2160,Yes,Yes,No,Intel,1.8,Core i7 8550U,1024,0,SSD,No,Intel,UHD Graphics 620,Premium,1024,1,1,Intel,1,1,156.1875
MSI,GE63VR 7RF,Gaming,15.6,16,Windows 10,2.8,2099.0,Full HD,1920,1080,No,Yes,No,Intel,2.8,Core i7 7700HQ,256,1024,SSD,HDD,Nvidia,GeForce GTX 1070,Premium,1280,1,1,Intel,0,1,131.1875
Acer,ES1-523-84K7 (A8-7410/8GB/256GB/FHD/W10),Notebook,15.6,8,Windows 10,2.23,469.0,Full HD,1920,1080,No,No,No,AMD,2.2,A8-Series 7410,256,0,SSD,No,AMD,Radeon R5,Budget,256,1,0,AMD,0,1,58.625
Asus,VivoBook Flip,2 in 1 Convertible,11.6,2,Windows 10,1.1,275.0,Standard,1366,768,Yes,No,No,Intel,1.1,Celeron Dual Core N3350,32,0,Flash Storage,No,Intel,HD Graphics 500,Budget,32,0,0,Intel,1,0,137.5
Dell,Inspiron 5570,Notebook,15.6,8,Windows 10,2.33,844.0,Full HD,1920,1080,No,No,No,Intel,1.6,Core i5 8250U,128,1024,SSD,HDD,AMD,Radeon 530,Mid-Range,1152,1,0,Intel,0,1,105.5
HP,Spectre x360,2 in 1 Convertible,13.3,16,Windows 10,1.29,2449.0,4K Ultra HD,3840,2160,Yes,Yes,No,Intel,1.8,Core i7 8550U,1024,0,SSD,No,Intel,UHD Graphics 620,Premium,1024,1,1,Intel,1,1,153.0625
Lenovo,ThinkPad 13,Notebook,13.3,4,Chrome OS,1.45,459.9,Standard,1366,768,No,No,No,Intel,1.6,Celeron Dual Core 3855U,16,0,Flash Storage,No,Intel,HD Graphics 510,Budget,16,0,0,Intel,1,0,114.975
HP,ProBook 640,Notebook,14.0,8,Windows 10,1.95,980.0,Full HD,1920,1080,No,No,No,Intel,2.5,Core i5 7200U,256,0,SSD,No,Intel,HD Graphics 620,Mid-Range,256,1,0,Intel,0,1,122.5
Acer,TravelMate B,Notebook,11.6,4,Windows 10,1.4,485.0,Standard,1366,768,No,No,No,Intel,1.6,Pentium Quad Core N3710,128,0,Flash Storage,No,Intel,HD Graphics 405,Budget,128,0,0,Intel,1,0,121.25
HP,Elitebook 840,Notebook,14.0,8,Windows 10,1.48,1292.0,Full HD,1920,1080,No,No,No,Intel,2.7,Core i7 7500U,256,0,SSD,No,Intel,HD Graphics 620,Mid-Range,256,1,0,Intel,1,1,161.5
Lenovo,IdeaPad 320-17IKB,Notebook,17.3,4,Windows 10,2.79,589.0,Standard,1600,900,No,No,No,Intel,2.5,Core i5 7200U,1024,0,HDD,No,Nvidia,GeForce 920MX,Budget,1024,0,0,Intel,0,0,147.25
Asus,ZenBook UX410UA-GV183T,Notebook,14.0,8,Windows 10,2.0,1094.0,Full HD,1920,1080,No,No,No,Intel,2.7,Core i7 7500U,256,0,SSD,No,Intel,HD Graphics 620,Mid-Range,256,1,0,Intel,0,1,136.75
HP,ProBook 450,Notebook,15.6,8,Windows 10,2.1,902.0,Full HD,1366,768,No,Yes,No,Intel,1.8,Core i7 8550U,1024,0,HDD,No,Intel,UHD Graphics 620,Mid-Range,1024,0,0,Intel,0,0,112.75
Acer,Aspire 5,Notebook,15.6,8,Windows 10,2.2,659.0,Standard,1366,768,No,No,No,AMD,2.7,A12-Series 9720P,256,0,SSD,No,AMD,Radeon RX 540,Budget,256,1,0,AMD,0,0,82.375
Lenovo,IdeaPad 120S-14IAP,Notebook,14.0,4,Windows 10,1.44,292.0,Standard,1366,768,No,No,No,Intel,1.1,Celeron Dual Core N3350,32,0,Flash Storage,No,Intel,HD Graphics 500,Budget,32,0,0,Intel,1,0,73.0
Acer,Aspire E5-575,Notebook,15.6,6,Windows 10,2.23,549.0,Standard,1366,768,No,No,No,Intel,2.5,Core i5 7200U,1024,0,HDD,No,Intel,HD Graphics 620,Budget,1024,0,0,Intel,0,0,91.5
Asus,VivoBook S15,Ultrabook,15.6,8,Windows 10,1.7,1049.9,Full HD,1920,1080,No,No,No,Intel,2.7,Core i7 7500U,256,0,SSD,No,Nvidia,GeForce 940MX,Mid-Range,256,1,0,Intel,1,1,131.2375
HP,Elitebook 820,Ultrabook,12.5,8,Windows 10,1.26,1335.0,Full HD,1920,1080,No,No,No,Intel,2.7,Core i7 7500U,256,0,SSD,No,Intel,HD Graphics 620,Mid-Range,256,1,0,Intel,1,1,166.875
Dell,XPS 15,Notebook,15.6,32,Windows 10,2.06,2639.0,4K Ultra HD,3840,2160,Yes,No,No,Intel,2.8,Core i7 7700HQ,1024,0,SSD,No,Nvidia,GeForce GTX 1050,Premium,1024,1,1,Intel,0,1,82.46875
MSI,GL72M 7REX,Gaming,17.3,8,Windows 10,2.7,1199.0,Full HD,1920,1080,No,No,No,Intel,2.8,Core i7 7700HQ,256,1024,SSD,HDD,Nvidia,GeForce GTX 1050 Ti,Mid-Range,1280,1,0,Intel,0,1,149.875
Toshiba,Satellite Pro,Notebook,15.6,8,Windows 10,2.0,943.0,Full HD,1920,1080,No,Yes,No,Intel,2.5,Core i5 7200U,256,0,SSD,No,Intel,HD Graphics 620,Mid-Range,256,1,0,Intel,0,1,117.875
Asus,UX510UX-CN269T (i7-7500U/8GB/256GB,Notebook,14.0,8,Windows 10,2.0,1334.0,Full HD,1920,1080,No,No,No,Intel,2.7,Core i7 7500U,256,1024,SSD,HDD,Intel,HD Graphics 620,Mid-Range,1280,1,0,Intel,0,1,166.75
Lenovo,V310-15ISK (i3-6006U/4GB/1TB/FHD/W10),Notebook,15.6,4,Windows 10,1.85,449.0,Full HD,1920,1080,No,No,No,Intel,2.0,Core i3 6006U,1024,0,HDD,No,Intel,HD Graphics 520,Budget,1024,0,0,Intel,0,1,112.25
Asus,FX553VD-FY647T (i7-7700HQ/8GB/256GB/GeForce,Gaming,15.6,8,Windows 10,2.5,999.0,Full HD,1920,1080,No,No,No,Intel,2.8,Core i7 7700HQ,256,0,SSD,No,Nvidia,GeForce GTX 1050,Mid-Range,256,1,0,Intel,0,1,124.875
HP,EliteBook 840,Notebook,14.0,8,Windows 10,1.48,1268.0,Full HD,1920,1080,No,No,No,Intel,2.6,Core i5 7300U,256,0,SSD,No,Intel,HD Graphics 620,Mid-Range,256,1,0,Intel,1,1,158.5
Dell,Inspiron 7570,Ultrabook,15.6,8,Windows 10,1.9,1049.0,Full HD,1920,1080,No,Yes,No,Intel,1.6,Core i5 8250U,128,1024,SSD,HDD,Nvidia,GeForce 940MX,Mid-Range,1152,1,0,Intel,0,1,131.125
HP,Elitebook 850,Notebook,15.6,8,Windows 10,1.84,1144.0,Full HD,1920,1080,No,No,No,Intel,2.5,Core i5 7200U,256,0,SSD,No,Intel,HD Graphics 620,Mid-Range,256,1,0,Intel,0,1,143.0
Asus,X541NA (N3350/4GB/1TB/Linux),Notebook,15.6,4,Linux,2.0,274.99,Standard,1366,768,No,No,No,Intel,1.1,Celeron Dual Core N3350,1024,0,HDD,No,Intel,HD Graphics 500,Budget,1024,0,0,Intel,0,0,68.7475
Dell,Inspiron 7570,Notebook,15.6,8,Windows 10,2.0,1142.75,Full HD,1920,1080,No,No,No,Intel,1.6,Core i5 8250U,256,0,SSD,No,Nvidia,GeForce 940MX,Mid-Range,256,1,0,Intel,0,1,142.84375
Dell,Inspiron 3552,Notebook,15.6,4,Linux,2.2,274.9,Standard,1366,768,No,No,No,Intel,1.6,Celeron Dual Core N3060,500,0,HDD,No,Intel,HD Graphics,Budget,500,0,0,Intel,0,0,68.725
Lenovo,IdeaPad 320-15ABR,Notebook,15.6,12,Windows 10,2.2,899.0,Full HD,1920,1080,No,No,No,AMD,3.6,A12-Series 9720P,2048,0,HDD,No,AMD,Radeon 530,Mid-Range,2048,0,0,AMD,0,1,74.91666666666667
HP,ProBook 450,Notebook,15.6,8,Windows 10,2.1,716.0,Full HD,1920,1080,No,Yes,No,Intel,2.4,Core i3 7100U,1024,0,HDD,No,Nvidia,GeForce 930MX ,Budget,1024,0,0,Intel,0,1,89.5
Lenovo,Yoga 920-13IKB,2 in 1 Convertible,13.9,16,Windows 10,1.4,2099.0,4K Ultra HD,3840,2160,Yes,Yes,No,Intel,1.8,Core i7 8550U,512,0,SSD,No,Intel,UHD Graphics 620,Premium,512,1,1,Intel,1,1,131.1875
Dell,XPS 13,Ultrabook,13.3,8,Windows 10,1.2,1579.0,Full HD,1920,1080,No,No,No,Intel,1.8,Core i7 8550U,256,0,SSD,No,Intel,UHD Graphics 620,Premium,256,1,0,Intel,1,1,197.375
Lenovo,Legion Y520-15IKBN,Gaming,15.6,16,Windows 10,2.4,1129.0,Full HD,1920,1080,No,Yes,No,Intel,2.8,Core i7 7700HQ,256,2048,SSD,HDD,Nvidia,GeForce GTX 1050 Ti,Mid-Range,2304,1,1,Intel,0,1,70.5625
HP,Stream 14-AX001nv,Notebook,14.0,2,Windows 10,1.44,279.0,Standard,1366,768,No,No,No,Intel,1.6,Celeron Dual Core N3060,32,0,Flash Storage,No,Intel,HD Graphics 400,Budget,32,0,0,Intel,1,0,139.5
Dell,Latitude 5590,Ultrabook,15.6,16,Windows 10,1.88,1607.96,Full HD,1920,1080,No,No,No,Intel,1.9,Core i7 8650U,512,256,SSD,SSD,Intel,UHD Graphics 620,Premium,768,1,1,Intel,0,1,100.4975
Asus,VivoBook Flip,2 in 1 Convertible,11.6,4,Windows 10,1.5,375.0,Standard,1366,768,Yes,No,No,Intel,1.1,Celeron Dual Core N3350,32,0,Flash Storage,No,Intel,HD Graphics 500,Budget,32,0,0,Intel,1,0,93.75
Dell,Inspiron 5570,Ultrabook,15.6,8,Windows 10,1.9,663.0,Full HD,1920,1080,No,No,No,Intel,1.6,Core i5 8250U,1024,0,HDD,No,AMD,Radeon 530,Budget,1024,0,0,Intel,0,1,82.875
Dell,XPS 15,Notebook,15.6,16,Windows 10,2.06,2027.42,4K Ultra HD,3840,2160,Yes,No,No,Intel,2.8,Core i7 7700HQ,512,0,SSD,No,Nvidia,GeForce GTX 1050,Premium,512,1,1,Intel,0,1,126.71375
HP,Elitebook 850,Notebook,15.6,8,Windows 10,1.84,1304.0,Full HD,1920,1080,No,No,No,Intel,2.7,Core i7 7500U,256,0,SSD,No,Intel,HD Graphics 620,Mid-Range,256,1,0,Intel,0,1,163.0
MSI,GP72MVR 7RFX,Gaming,17.3,8,Windows 10,2.7,1409.0,Full HD,1920,1080,No,No,No,Intel,2.8,Core i7 7700HQ,128,1024,SSD,HDD,Nvidia,GeForce GTX 1060,Mid-Range,1152,1,0,Intel,0,1,176.125
HP,Zbook 15,Workstation,15.6,8,Windows 10,2.6,1738.27,Full HD,1920,1080,No,No,No,Intel,2.8,Core i7 7700HQ,256,0,SSD,No,Nvidia,Quadro M1200,Premium,256,1,0,Intel,0,1,217.28375
Toshiba,Tecra A50-C-21G,Notebook,15.6,16,Windows 10,2.4,1403.0,Full HD,1920,1080,No,Yes,No,Intel,2.5,Core i7 6500U,512,0,SSD,No,Nvidia,GeForce 930M,Mid-Range,512,1,1,Intel,0,1,87.6875
Dell,Inspiron 5570,Notebook,15.6,8,Windows 10,2.02,970.9,Full HD,1920,1080,No,No,No,Intel,1.8,Core i7 8550U,128,2048,SSD,HDD,AMD,Radeon 530,Mid-Range,2176,1,0,Intel,0,1,121.3625
Lenovo,IdeaPad 320-15IAP,Notebook,15.6,4,No OS,2.2,321.99,Standard,1366,768,No,No,No,Intel,1.1,Celeron Dual Core N3350,1024,0,HDD,No,Intel,HD Graphics 500,Budget,1024,0,0,Intel,0,0,80.4975
Dell,Inspiron 7577,Gaming,15.6,8,Windows 10,2.65,999.0,Full HD,1920,1080,No,No,No,Intel,2.5,Core i5 7300HQ,1024,0,HDD,No,Nvidia,GeForce GTX 1050,Mid-Range,1024,0,0,Intel,0,1,124.875
Dell,Inspiron 3567,Notebook,15.6,8,Windows 10,2.36,557.37,Standard,1366,768,Yes,No,No,Intel,2.5,Core i5 7200U,2048,0,HDD,No,Intel,HD Graphics 620,Budget,2048,0,0,Intel,0,0,69.67125
Dell,Latitude 7480,Notebook,14.0,8,Windows 10,1.36,1427.0,Full HD,1920,1080,No,No,No,Intel,2.6,Core i5 7300U,256,0,SSD,No,Intel,HD Graphics 620,Mid-Range,256,1,0,Intel,1,1,178.375
HP,250 G6,Notebook,15.6,4,Windows 10,1.86,439.0,Standard,1366,768,No,No,No,Intel,2.0,Core i3 6006U,500,0,HDD,No,Intel,HD Graphics 520,Budget,500,0,0,Intel,0,0,109.75
Asus,Zenbook UX410UA-GV027T,Notebook,14.0,8,Windows 10,2.0,945.0,Full HD,1920,1080,No,No,No,Intel,2.5,Core i5 7200U,256,0,SSD,No,Intel,HD Graphics 620,Mid-Range,256,1,0,Intel,0,1,118.125
Lenovo,IdeaPad 320-17IKB,Notebook,17.3,6,Windows 10,2.8,719.0,Standard,1600,900,No,No,No,Intel,2.5,Core i5 7200U,128,1024,SSD,HDD,Nvidia,GeForce GTX 940MX,Budget,1152,1,0,Intel,0,0,119.83333333333333
HP,250 G6,Notebook,15.6,8,Windows 10,1.86,639.0,Full HD,1920,1080,No,No,No,Intel,2.5,Core i5 7200U,1024,0,HDD,No,Intel,HD Graphics 620,Budget,1024,0,0,Intel,0,1,79.875
Lenovo,IdeaPad 320-15ISK,Notebook,15.6,8,No OS,2.2,499.0,Standard,1366,768,No,No,No,Intel,2.0,Core i3 6006U,256,0,SSD,No,Nvidia,GeForce 920MX ,Budget,256,1,0,Intel,0,0,62.375
HP,15-AY023na (N3710/8GB/2TB/W10),Notebook,15.6,8,Windows 10,2.04,389.0,Standard,1366,768,No,No,No,Intel,1.6,Pentium Quad Core N3710,2048,0,HDD,No,Intel,HD Graphics 405,Budget,2048,0,0,Intel,0,0,48.625
Dell,Inspiron 5770,Notebook,17.3,8,Windows 10,2.8,1085.0,Full HD,1920,1080,No,No,No,Intel,1.6,Core i5 8250U,128,1024,SSD,HDD,AMD,Radeon 530,Mid-Range,1152,1,0,Intel,0,1,135.625
Lenovo,Legion Y520-15IKBN,Gaming,15.6,8,No OS,2.4,809.0,Full HD,1920,1080,No,Yes,No,Intel,2.5,Core i5 7300HQ,128,1024,SSD,HDD,Nvidia,GeForce GTX 1050,Mid-Range,1152,1,0,Intel,0,1,101.125
Dell,Inspiron 5567,Notebook,15.6,8,Windows 10,2.33,899.0,Full HD,1920,1080,No,No,No,Intel,2.7,Core i7 7500U,256,0,SSD,No,AMD,Radeon R7 M445,Mid-Range,256,1,0,Intel,0,1,112.375
HP,Elitebook 1040,Ultrabook,14.0,8,Windows 10,1.36,1750.0,Full HD,1920,1080,No,Yes,No,Intel,2.7,Core i7 7500U,256,0,SSD,No,Intel,HD Graphics 620,Premium,256,1,0,Intel,1,1,218.75
Asus,ZenBook Flip,2 in 1 Convertible,15.6,12,Windows 10,2.26,1099.0,Full HD,1920,1080,Yes,No,No,Intel,2.7,Core i7 7500U,512,2048,SSD,HDD,Nvidia,GeForce GT 940MX,Mid-Range,2560,1,0,Intel,0,1,91.58333333333333
Acer,Aspire 3,Notebook,15.6,4,Windows 10,2.1,426.0,Standard,1366,768,No,No,No,AMD,3.0,A9-Series 9420,128,0,SSD,No,AMD,Radeon R5,Budget,128,1,0,AMD,0,0,106.5
Asus,Rog Strix,Gaming,17.3,16,Windows 10,3.25,2199.0,Full HD,1920,1080,No,Yes,No,AMD,3.0,Ryzen 1700,256,1024,SSD,HDD,AMD,Radeon RX 580,Premium,1280,1,1,AMD,0,1,137.4375
Lenovo,IdeaPad 110-17ACL,Notebook,17.3,4,Windows 10,2.6,489.0,Standard,1600,900,No,No,No,AMD,2.2,A8-Series 7410,128,0,SSD,No,AMD,Radeon R5,Budget,128,1,0,AMD,0,0,122.25
Dell,Inspiron 5379,2 in 1 Convertible,13.3,8,Windows 10,1.62,869.01,Full HD,1920,1080,Yes,No,No,Intel,1.8,Core i7 8550U,256,0,SSD,No,Intel,UHD Graphics 620,Mid-Range,256,1,0,Intel,1,1,108.62625
HP,15-bw003nv (A9-Series-9420/4GB/256GB/FHD/W10),Notebook,15.6,4,Windows 10,1.91,488.99,Full HD,1920,1080,No,No,No,AMD,3.0,A9-Series 9420,256,0,SSD,No,AMD,Radeon R5,Budget,256,1,0,AMD,0,1,122.2475
Lenovo,Yoga 11e,Netbook,11.6,4,Windows 10,1.59,553.0,Standard,1366,768,No,Yes,No,Intel,1.1,Celeron Quad Core N3450,128,0,SSD,No,Intel,HD Graphics 500,Budget,128,1,0,Intel,1,0,138.25
Dell,Inspiron 3552,Notebook,15.6,4,Windows 10,1.8,309.0,Standard,1366,768,No,No,No,Intel,1.6,Celeron Dual Core N3060,500,0,HDD,No,Intel,HD Graphics 400,Budget,500,0,0,Intel,1,0,77.25
Asus,VivoBook E403NA,Notebook,14.0,4,Windows 10,1.5,286.0,Standard,1366,768,No,No,No,Intel,1.1,Celeron Dual Core N3350,32,0,Flash Storage,No,Intel,HD Graphics 500,Budget,32,0,0,Intel,1,0,71.5
Acer,Aspire 7,Notebook,15.6,8,Linux,2.4,846.0,Full HD,1920,1080,No,No,No,Intel,2.8,Core i7 7700HQ,1024,0,HDD,No,Nvidia,GeForce GTX 1050,Mid-Range,1024,0,0,Intel,0,1,105.75
HP,Omen 17-w212nv,Gaming,17.3,8,Windows 10,3.35,1191.0,Full HD,1920,1080,No,Yes,No,Intel,2.8,Core i7 7700HQ,128,1024,SSD,HDD,Nvidia,GeForce GTX 1050,Mid-Range,1152,1,0,Intel,0,1,148.875
Lenovo,V310-15ISK (i3-6006U/4GB/128GB/FHD/No,Notebook,15.6,4,No OS,1.85,403.5,Full HD,1920,1080,No,No,No,Intel,2.0,Core i3 6006U,128,0,SSD,No,Intel,HD Graphics 520,Budget,128,1,0,Intel,0,1,100.875
Asus,ROG Strix,Gaming,15.6,8,Windows 10,2.3,1655.0,Full HD,1920,1080,No,Yes,No,Intel,2.8,Core i7 7700HQ,128,1024,SSD,HDD,Nvidia,GeForce GTX 1060,Premium,1152,1,0,Intel,0,1,206.875
Lenovo,IdeaPad 720S-14IKB,Notebook,14.0,8,Windows 10,1.5,1099.0,Full HD,1920,1080,No,Yes,No,Intel,2.5,Core i5 7200U,256,0,SSD,No,Nvidia,GeForce 940MX,Mid-Range,256,1,0,Intel,1,1,137.375
Asus,Zenbook Flip,Ultrabook,13.3,16,Windows 10,1.1,1748.9,Full HD,1920,1080,Yes,No,No,Intel,2.7,Core i7 7500U,512,0,SSD,No,Intel,HD Graphics 620,Premium,512,1,1,Intel,1,1,109.30625
Lenovo,Thinkpad X1,Ultrabook,14.0,8,Windows 10,1.13,2282.0,Standard,2560,1440,No,Yes,No,Intel,2.7,Core i7 7500U,512,0,SSD,No,Intel,HD Graphics 620,Premium,512,1,0,Intel,1,1,285.25
Lenovo,Ideapad 510S-13IKB,Notebook,13.3,4,Windows 10,1.5,549.0,Full HD,1920,1080,No,Yes,No,Intel,2.4,Core i3 7100U,128,0,SSD,No,Intel,HD Graphics 620,Budget,128,1,0,Intel,1,1,137.25
Dell,Precision 3510,Workstation,15.6,8,Windows 10,2.23,1369.0,Full HD,1920,1080,No,No,No,Intel,2.6,Core i5 6440HQ,500,0,HDD,No,AMD,FirePro W5130M,Mid-Range,500,0,0,Intel,0,1,171.125
Dell,Precision 5520,Workstation,15.6,8,Windows 10,2.0,2135.0,Full HD,1920,1080,No,Yes,No,Intel,2.7,Core i7 6820HQ,256,0,SSD,No,Nvidia,Quadro M1200,Premium,256,1,0,Intel,0,1,266.875
Lenovo,ThinkPad X1,2 in 1 Convertible,14.0,16,Windows 10,1.42,2509.0,Standard,2560,1440,Yes,No,No,Intel,2.7,Core i7 7500U,512,0,SSD,No,Intel,HD Graphics 620,Premium,512,1,1,Intel,1,1,156.8125
Asus,Rog GL753VD-GC042T,Gaming,17.3,8,Windows 10,3.0,1039.0,Full HD,1920,1080,No,No,No,Intel,2.8,Core i7 7700HQ,1024,0,HDD,No,Nvidia,GeForce GTX 1050,Mid-Range,1024,0,0,Intel,0,1,129.875
Asus,Rog GL753VE-GC070T,Gaming,17.3,16,Windows 10,3.0,1591.0,Full HD,1920,1080,No,No,No,Intel,2.8,Core i7 7700HQ,256,1024,SSD,HDD,Nvidia,GeForce GTX 1050 Ti,Premium,1280,1,1,Intel,0,1,99.4375
Acer,Aspire 5,Notebook,15.6,12,Windows 10,2.2,693.99,Standard,1366,768,No,Yes,No,Intel,1.6,Core i5 8250U,1024,0,HDD,No,Nvidia,GeForce MX130,Budget,1024,0,0,Intel,0,0,57.8325
MSI,Leopard GP72M,Gaming,17.3,8,Windows 10,2.7,1349.0,Full HD,1920,1080,No,No,No,Intel,2.8,Core i7 7700HQ,256,0,SSD,No,Nvidia,GeForce GTX 1050 Ti,Mid-Range,256,1,0,Intel,0,1,168.625
Dell,Inspiron 5567,Notebook,15.6,8,Linux,2.33,778.87,Full HD,1920,1080,No,No,No,Intel,2.7,Core i7 7500U,256,0,SSD,No,AMD,Radeon R7 M445,Budget,256,1,0,Intel,0,1,97.35875
HP,15-BW004nv (A9-9420/4GB/256GB/Radeon,Ultrabook,15.6,4,Windows 10,1.91,499.0,Full HD,1920,1080,No,No,No,AMD,3.0,A9-Series 9420,256,0,SSD,No,AMD,Radeon 520,Budget,256,1,0,AMD,0,1,124.75
Lenovo,ThinkPad E580,Notebook,15.6,8,Windows 10,2.1,1229.56,Full HD,1920,1080,No,Yes,No,Intel,1.8,Core i7 8550U,256,0,SSD,No,AMD,Radeon RX 550,Mid-Range,256,1,0,Intel,0,1,153.695
Lenovo,ThinkPad L470,Notebook,14.0,8,Windows 10,1.9,938.0,Full HD,1920,1080,No,Yes,No,Intel,2.5,Core i5 7200U,256,0,SSD,No,Intel,HD Graphics 620,Mid-Range,256,1,0,Intel,0,1,117.25
Dell,Precision M5520,Workstation,15.6,8,Windows 10,1.78,2712.0,4K Ultra HD,3840,2160,Yes,No,No,Intel,2.8,Core i7 7700HQ,256,0,SSD,No,Nvidia,Quadro M1200,Premium,256,1,0,Intel,1,1,339.0
Lenovo,Thinkpad X1,Ultrabook,14.0,16,Windows 10,1.13,2625.0,Standard,2560,1440,No,Yes,No,Intel,2.7,Core i7 7500U,1024,0,SSD,No,Intel,HD Graphics 620,Premium,1024,1,1,Intel,1,1,164.0625
Lenovo,IdeaPad 320-15IAP,Notebook,15.6,4,Windows 10,2.2,306.0,Standard,1366,768,No,No,No,Intel,1.1,Celeron Dual Core N3350,1024,0,HDD,No,Intel,HD Graphics 500,Budget,1024,0,0,Intel,0,0,76.5
Asus,FX753VD-GC461T (i7-7700HQ/16GB/1TB,Gaming,17.3,16,Windows 10,2.9,1529.0,Full HD,1920,1080,No,No,No,Intel,2.8,Core i7 7700HQ,256,1024,SSD,HDD,Nvidia,GeForce GTX 1050,Premium,1280,1,1,Intel,0,1,95.5625
Lenovo,ThinkPad E580,Notebook,15.6,8,Windows 10,2.1,1144.5,Full HD,1920,1080,No,Yes,No,Intel,1.6,Core i5 8250U,256,1024,SSD,HDD,AMD,Radeon RX 550,Mid-Range,1280,1,0,Intel,0,1,143.0625
Acer,Aspire 7,Notebook,15.6,8,Linux,2.5,879.0,Full HD,1920,1080,No,No,No,Intel,2.8,Core i7 7700HQ,256,0,SSD,No,Nvidia,GeForce GTX 1050,Mid-Range,256,1,0,Intel,0,1,109.875
MSI,GE73VR 7RF,Gaming,17.3,16,Windows 10,2.8,2249.0,Full HD,1920,1080,No,No,No,Intel,2.8,Core i7 7700HQ,256,1024,SSD,HDD,Nvidia,GeForce GTX 1070,Premium,1280,1,1,Intel,0,1,140.5625
Asus,Zenbook 3,Ultrabook,14.0,8,Windows 10,1.1,1873.0,Full HD,1920,1080,No,No,No,Intel,2.7,Core i7 7500U,512,0,SSD,No,Intel,HD Graphics 620,Premium,512,1,0,Intel,1,1,234.125
Toshiba,Portege Z30-C-16P,Ultrabook,13.3,16,Windows 10,1.2,1747.0,Full HD,1920,1080,No,No,No,Intel,2.5,Core i7 6500U,512,0,SSD,No,Intel,HD Graphics 520,Premium,512,1,1,Intel,1,1,109.1875
Dell,Latitude 7480,Ultrabook,14.0,8,Windows 10,1.36,1680.0,Full HD,1920,1080,No,No,No,Intel,2.8,Core i7 7600U,512,0,SSD,No,Intel,HD Graphics,Premium,512,1,0,Intel,1,1,210.0
Lenovo,IdeaPad 320-15ISK,Notebook,15.6,4,Windows 10,2.2,409.0,Full HD,1920,1080,No,No,No,Intel,2.0,Core i3 6006U,500,0,HDD,No,Intel,HD Graphics 520,Budget,500,0,0,Intel,0,1,102.25
Lenovo,Lenovo IdeaPad,Notebook,11.6,2,Windows 10,1.15,304.45,Standard,1366,768,No,No,No,Intel,1.1,Celeron Dual Core N3350,32,0,Flash Storage,No,Intel,HD Graphics 500,Budget,32,0,0,Intel,1,0,152.225
Lenovo,ThinkPad P51,Workstation,15.6,8,Windows 10,2.67,1925.0,Full HD,1920,1080,No,No,No,Intel,2.8,Core i7 7700HQ,512,0,SSD,No,Nvidia,Quadro M1200,Premium,512,1,0,Intel,0,1,240.625
Lenovo,Thinkpad T470p,Ultrabook,14.0,8,Windows 10,1.7,1943.0,Full HD,2560,1440,No,Yes,No,Intel,2.8,Core i7 7700HQ,512,0,SSD,No,Nvidia,GeForce GT 940MX,Premium,512,1,0,Intel,1,1,242.875
HP,15-BS028nv (i3-6006U/4GB/1TB/Radeon,Notebook,15.6,4,Windows 10,2.1,469.0,Full HD,1920,1080,No,No,No,Intel,2.0,Core i3 6006U,1024,0,HDD,No,AMD,Radeon 520,Budget,1024,0,0,Intel,0,1,117.25
Acer,Aspire R7,2 in 1 Convertible,13.3,8,Windows 10,1.6,789.01,Full HD,1920,1080,Yes,Yes,No,Intel,2.5,Core i7 6500U,256,0,SSD,No,Intel,HD Graphics 520,Budget,256,1,0,Intel,1,1,98.62625
Asus,ZenBook Flip,2 in 1 Convertible,13.3,8,Windows 10,1.27,928.0,Full HD,1920,1080,Yes,Yes,No,Intel,2.5,Core i5 7200U,256,0,SSD,No,Intel,HD Graphics 620,Mid-Range,256,1,0,Intel,1,1,116.0
Dell,Inspiron 3567,Notebook,15.6,4,Linux,2.3,598.9,Full HD,1920,1080,No,No,No,Intel,2.5,Core i5 7200U,256,0,SSD,No,AMD,Radeon R5 M430,Budget,256,1,0,Intel,0,1,149.725
Dell,Latitude 3380,Notebook,13.3,4,Windows 10,1.65,689.0,Standard,1366,768,No,No,No,Intel,2.0,Core i3 6006U,128,0,SSD,No,Intel,HD Graphics 520,Budget,128,1,0,Intel,1,0,172.25
HP,EliteBook 1040,Ultrabook,14.0,8,Windows 10,1.43,1500.0,Full HD,1920,1080,No,No,No,Intel,2.5,Core i7 6500U,256,0,SSD,No,Intel,HD Graphics 520,Mid-Range,256,1,0,Intel,1,1,187.5
Dell,Inspiron 3567,Notebook,15.6,8,Windows 10,2.14,539.95,Standard,1366,768,No,No,No,Intel,2.5,Core i5 7200U,1024,0,HDD,No,Intel,HD Graphics 620,Budget,1024,0,0,Intel,0,0,67.49375
Lenovo,ThinkPad E480,Ultrabook,14.0,8,Windows 10,1.75,1215.38,Full HD,1920,1080,No,Yes,No,Intel,1.8,Core i7 8550U,256,0,SSD,No,AMD,Radeon RX 550,Mid-Range,256,1,0,Intel,1,1,151.9225
Lenovo,Yoga 720-15IKB,2 in 1 Convertible,15.6,16,Windows 10,2.0,1899.0,4K Ultra HD,3840,2160,Yes,Yes,No,Intel,2.8,Core i7 7700HQ,512,0,SSD,No,Nvidia,GeForce GTX 1050,Premium,512,1,1,Intel,0,1,118.6875
Chuwi,LapBook 12.3,Notebook,12.3,6,Windows 10,1.4,449.0,Standard,2736,1824,No,Yes,Yes,Intel,1.1,Celeron Quad Core N3450,64,0,Flash Storage,No,Intel,HD Graphics 500,Budget,64,0,0,Intel,1,1,74.83333333333333
HP,ProBook 650,Notebook,15.6,8,Windows 10,2.31,1427.0,Full HD,1920,1080,No,No,No,Intel,2.9,Core i7 7820HQ,256,0,SSD,No,Intel,HD Graphics 630,Mid-Range,256,1,0,Intel,0,1,178.375
Asus,X542UQ-DM117 (i3-7100U/8GB/1TB/GeForce,Notebook,15.6,8,Linux,2.3,597.0,Full HD,1920,1080,No,No,No,Intel,2.4,Core i3 7100U,1024,0,HDD,No,Nvidia,GeForce 940MX,Budget,1024,0,0,Intel,0,1,74.625
Dell,Alienware 17,Gaming,17.3,16,Windows 10,4.42,2799.0,Standard,2560,1440,No,Yes,No,Intel,2.9,Core i7 7820HK,256,1024,SSD,HDD,Nvidia,GeForce GTX 1070,Premium,1280,1,1,Intel,0,1,174.9375
Dell,Inspiron 7577,Gaming,15.6,8,Windows 10,2.62,1159.0,Full HD,1920,1080,No,Yes,No,Intel,2.8,Core i7 7700HQ,128,1024,SSD,HDD,Nvidia,GeForce GTX 1050 Ti,Mid-Range,1152,1,0,Intel,0,1,144.875
Dell,Inspiron 5570,Notebook,15.6,8,Windows 10,2.02,1142.4,Full HD,1920,1080,No,No,No,Intel,1.8,Core i7 8550U,256,2048,SSD,HDD,AMD,Radeon 530,Mid-Range,2304,1,0,Intel,0,1,142.8
Dell,Latitude 5480,Ultrabook,14.0,8,Linux,1.6,1099.0,Full HD,1920,1080,No,No,No,Intel,2.8,Core i7 7600U,256,0,SSD,No,Intel,HD Graphics 620,Mid-Range,256,1,0,Intel,1,1,137.375
HP,Omen 17-w207nv,Gaming,17.3,12,Windows 10,3.35,1999.0,Full HD,1920,1080,No,No,No,Intel,2.8,Core i7 7700HQ,256,1024,SSD,HDD,Nvidia,GeForce GTX 1070,Premium,1280,1,0,Intel,0,1,166.58333333333334
Mediacom,FlexBook Edge,2 in 1 Convertible,11.6,4,Windows 10,1.16,299.0,Full HD,1920,1080,Yes,Yes,No,Intel,1.1,Celeron Dual Core N3350,32,0,SSD,No,Intel,HD Graphics 500,Budget,32,1,0,Intel,1,1,74.75
Samsung,Chromebook 3,Netbook,11.6,4,Chrome OS,1.15,269.0,Standard,1366,768,No,No,No,Intel,1.6,Celeron Dual Core N3060,16,0,Flash Storage,No,Intel,HD Graphics 400,Budget,16,0,0,Intel,1,0,67.25
Lenovo,Thinkpad 13,Notebook,13.3,8,Windows 10,1.4,1010.0,Full HD,1920,1080,No,Yes,No,Intel,2.7,Core i7 7500U,256,0,SSD,No,Intel,HD Graphics 620,Mid-Range,256,1,0,Intel,1,1,126.25
Lenovo,IdeaPad 320s-14IKB,Notebook,14.0,4,Windows 10,1.7,599.0,Full HD,1920,1080,No,Yes,No,Intel,2.7,Core i3 7130U,128,0,SSD,No,Intel,HD Graphics 620,Budget,128,1,0,Intel,1,1,149.75
Lenovo,Thinkpad T570,Workstation,15.6,16,Windows 10,2.3,2445.0,4K Ultra HD,3840,2160,No,Yes,No,Intel,2.8,Core i7 7600U,512,0,SSD,No,Nvidia,GeForce 940MX,Premium,512,1,1,Intel,0,1,152.8125
Lenovo,Thinkpad P51,Notebook,15.6,16,Windows 10,2.5,2449.0,Full HD,1920,1080,No,No,No,Intel,2.9,Core i7 7820HQ,512,0,SSD,No,Nvidia,Quadro M2200M,Premium,512,1,1,Intel,0,1,153.0625
Asus,Rog Strix,Gaming,17.3,8,Windows 10,3.2,1695.0,Full HD,1920,1080,No,No,No,AMD,3.2,Ryzen 1600,256,1024,SSD,HDD,AMD,Radeon RX 580,Premium,1280,1,0,AMD,0,1,211.875
HP,15-ra044nv (N3060/4GB/500GB/W10),Notebook,15.6,4,Windows 10,2.1,347.0,Standard,1366,768,No,No,No,Intel,1.6,Celeron Dual Core N3060,500,0,HDD,No,Intel,HD Graphics 400,Budget,500,0,0,Intel,0,0,86.75
Google,Pixelbook (Core,Ultrabook,12.3,16,Chrome OS,1.1,2199.0,Standard,2400,1600,Yes,No,No,Intel,1.3,Core i7 7Y75,512,0,SSD,No,Intel,HD Graphics 615,Premium,512,1,1,Intel,1,1,137.4375
Lenovo,ThinkPad T470s,Ultrabook,14.0,24,Windows 10,1.32,2382.0,Standard,2560,1440,No,No,No,Intel,2.7,Core i7 7500U,512,0,SSD,No,Intel,HD Graphics 620,Premium,512,1,1,Intel,1,1,99.25
Asus,VivoBook Max,Notebook,15.6,4,Linux,2.0,559.0,Full HD,1920,1080,No,No,No,Intel,2.5,Core i5 7200U,256,0,SSD,No,Intel,HD Graphics 620,Budget,256,1,0,Intel,0,1,139.75
Lenovo,IdeaPad 320-15AST,Notebook,17.3,8,Windows 10,2.8,519.0,Standard,1600,900,No,No,No,AMD,2.5,A6-Series 9220,1024,0,HDD,No,AMD,Radeon R4,Budget,1024,0,0,AMD,0,0,64.875
Dell,Inspiron 5570,Notebook,15.6,4,Windows 10,2.2,749.0,Full HD,1920,1080,No,No,No,Intel,1.6,Core i5 8250U,256,0,SSD,No,AMD,Radeon 530,Budget,256,1,0,Intel,0,1,187.25
Lenovo,ThinkPad X270,Ultrabook,12.5,8,Windows 10,1.36,1429.0,Full HD,1920,1080,No,Yes,No,Intel,2.5,Core i5 7200U,256,0,SSD,No,Intel,HD Graphics 620,Mid-Range,256,1,0,Intel,1,1,178.625
Lenovo,IdeaPad 320-15IAP,Notebook,15.6,4,Windows 10,2.2,349.0,Full HD,1920,1080,No,No,No,Intel,1.1,Pentium Quad Core N4200,128,0,SSD,No,Intel,HD Graphics 505,Budget,128,1,0,Intel,0,1,87.25
HP,Omen 15-AX205na,Gaming,15.6,8,Windows 10,2.2,1099.0,Full HD,1920,1080,No,Yes,No,Intel,2.8,Core i7 7700HQ,128,1024,SSD,HDD,Nvidia,GeForce GTX 1050,Mid-Range,1152,1,0,Intel,0,1,137.375
Dell,Latitude 5480,Notebook,14.0,8,Windows 10,1.64,1179.0,Full HD,1920,1080,No,No,No,Intel,2.8,Core i5 7440HQ,256,0,SSD,No,Nvidia,GeForce 930MX,Mid-Range,256,1,0,Intel,1,1,147.375
Acer,Aspire ES1-572,Notebook,15.6,4,Linux,2.4,441.8,Standard,1366,768,No,No,No,Intel,2.5,Core i5 7200U,500,0,HDD,No,Intel,HD Graphics 620,Budget,500,0,0,Intel,0,0,110.45
Dell,Precision 3520,Workstation,15.6,8,Windows 10,2.23,1993.0,Full HD,1920,1080,No,No,No,Intel,3.0,Xeon E3-1505M V6,64,1024,Flash Storage,HDD,Nvidia,Quadro M620,Premium,1088,0,0,Intel,0,1,249.125
MSI,GV62 7RD-1686NL,Gaming,15.6,8,Windows 10,2.2,1027.74,Full HD,1920,1080,No,No,No,Intel,2.5,Core i5 7300HQ,256,0,SSD,No,Nvidia,GeForce GTX 1050,Mid-Range,256,1,0,Intel,0,1,128.4675
Microsoft,Surface Laptop,Ultrabook,13.5,16,Windows 10 S,1.25,2589.0,Standard,2256,1504,Yes,No,No,Intel,2.5,Core i7 7660U,512,0,SSD,No,Intel,Iris Plus Graphics 640,Premium,512,1,1,Intel,1,1,161.8125
HP,15-bs024nv (i5-7200U/8GB/128GB/W10),Notebook,15.6,8,Windows 10,1.91,589.0,Standard,1366,768,No,No,No,Intel,2.5,Core i5 7200U,128,0,SSD,No,Intel,HD Graphics 620,Budget,128,1,0,Intel,0,0,73.625
Dell,Precision 3520,Workstation,15.6,16,Windows 10,2.17,1975.0,Full HD,1920,1080,No,Yes,No,Intel,2.7,Core i7 6820HQ,256,0,SSD,No,Nvidia,Quadro M620,Premium,256,1,1,Intel,0,1,123.4375
HP,ProBook 650,Workstation,15.6,8,Windows 10,2.31,1534.0,Full HD,1920,1080,No,Yes,No,Intel,2.9,Core i7 7820HQ,512,0,SSD,No,Intel,HD Graphics 620,Premium,512,1,0,Intel,0,1,191.75
Lenovo,ThinkPad T470,Notebook,14.0,8,Windows 10,1.65,1345.0,Full HD,1920,1080,No,No,No,Intel,2.5,Core i5 7200U,256,0,SSD,No,Intel,HD Graphics 620,Mid-Range,256,1,0,Intel,1,1,168.125
Dell,Inspiron 5570,Notebook,15.6,8,Windows 10,2.36,979.0,Full HD,1920,1080,No,No,No,Intel,1.8,Core i7 8550U,128,1024,SSD,HDD,AMD,Radeon 530,Mid-Range,1152,1,0,Intel,0,1,122.375
Dell,Inspiron 3168,2 in 1 Convertible,11.6,4,Windows 10,1.47,479.0,Standard,1366,768,Yes,No,No,Intel,1.6,Pentium Quad Core N3710,500,0,HDD,No,Intel,HD Graphics 405,Budget,500,0,0,Intel,1,0,119.75
Dell,Alienware 17,Notebook,17.3,8,Windows 10,4.42,2046.0,Full HD,1920,1080,No,Yes,No,Intel,2.7,Core i7 7700HQ,1024,0,HDD,No,Nvidia,GeForce GTX 1060,Premium,1024,0,0,Intel,0,1,255.75
Microsoft,Surface Laptop,Ultrabook,13.5,4,Windows 10 S,1.252,989.0,Standard,2256,1504,Yes,No,No,Intel,2.2,Core M m3-7Y30,128,0,SSD,No,Intel,HD Graphics 615,Mid-Range,128,1,0,Intel,1,1,247.25
Microsoft,Surface Laptop,Ultrabook,13.5,8,Windows 10 S,1.25,1799.0,Standard,2256,1504,Yes,No,No,Intel,2.5,Core i7 7660U,256,0,SSD,No,Intel,Iris Plus Graphics 640,Premium,256,1,0,Intel,1,1,224.875
HP,17-BS092ND (i3-6006U/8GB/256GB/W10),Notebook,17.3,8,Windows 10,2.5,639.9,Standard,1600,900,No,No,No,Intel,2.0,Core i3 6006U,256,0,SSD,No,Intel,HD Graphics 520,Budget,256,1,0,Intel,0,0,79.9875
Acer,Aspire E5-576G,Notebook,15.6,4,Windows 10,2.23,544.0,Full HD,1920,1080,No,No,No,Intel,2.0,Core i3 6006U,1024,0,HDD,No,Nvidia,GeForce 940MX,Budget,1024,0,0,Intel,0,1,136.0
Acer,TravelMate B,Netbook,11.6,4,Windows 10,1.4,435.0,Standard,1366,768,No,No,No,Intel,1.6,Celeron Dual Core N3060,128,0,SSD,No,Intel,HD Graphics 400,Budget,128,1,0,Intel,1,0,108.75
Asus,Pro P2540UA-AB51,Notebook,15.6,8,Windows 10,2.37,749.0,Full HD,1920,1080,No,No,No,Intel,2.5,Core i5 7200U,1024,0,HDD,No,Intel,HD Graphics 620,Budget,1024,0,0,Intel,0,1,93.625
Lenovo,IdeaPad 510s-14IKB,Notebook,14.0,8,No OS,1.5,799.0,Full HD,1920,1080,No,Yes,No,Intel,2.7,Core i7 7500U,512,0,SSD,No,AMD,Radeon R7 M460,Budget,512,1,0,Intel,1,1,99.875
Lenovo,Thinkpad P51,Notebook,15.6,8,Windows 10,2.67,2090.0,Full HD,1920,1080,No,No,No,Intel,2.9,Core i7 7820HQ,256,0,SSD,No,Nvidia,Quadro M2200M,Premium,256,1,0,Intel,0,1,261.25
Asus,X541NA-PD1003Y (N4200/4GB/500GB/W10),Notebook,15.6,4,Windows 10,2.0,304.0,Standard,1366,768,No,No,No,Intel,1.1,Pentium Quad Core N4200,500,0,HDD,No,Intel,HD Graphics 500,Budget,500,0,0,Intel,0,0,76.0
Acer,Aspire 5,Notebook,15.6,4,Windows 10,2.2,469.0,Standard,1366,768,No,No,No,Intel,2.0,Core i3 6006U,500,0,HDD,No,Nvidia,GeForce GTX 940MX,Budget,500,0,0,Intel,0,0,117.25
Dell,Inspiron 5570,Notebook,15.6,8,Windows 10,2.02,759.0,Full HD,1920,1080,No,No,No,Intel,1.6,Core i5 8250U,2048,0,HDD,No,AMD,Radeon 530,Budget,2048,0,0,Intel,0,1,94.875
HP,Omen 17-an006nv,Gaming,17.3,12,Windows 10,3.78,1699.0,Full HD,1920,1080,No,Yes,No,Intel,2.8,Core i7 7700HQ,1024,0,HDD,No,Nvidia,GeForce GTX 1060,Premium,1024,0,0,Intel,0,1,141.58333333333334
Lenovo,Thinkpad T460s,Ultrabook,14.0,12,Windows 10,1.4,1858.0,Quad HD+,2560,1440,No,Yes,No,Intel,2.6,Core i7 6600U,256,0,SSD,No,Intel,HD Graphics 520,Premium,256,1,0,Intel,1,1,154.83333333333334
HP,Spectre x360,2 in 1 Convertible,13.3,8,Windows 10,1.29,1999.0,4K Ultra HD,3840,2160,Yes,Yes,No,Intel,1.8,Core i7 8550U,512,0,SSD,No,Intel,UHD Graphics 620,Premium,512,1,0,Intel,1,1,249.875
HP,ZBook 15u,Notebook,15.6,8,Windows 10,1.9,1154.0,Full HD,1920,1080,No,No,No,Intel,2.5,Core i5 7200U,500,0,HDD,No,AMD,FirePro W4190M ,Mid-Range,500,0,0,Intel,0,1,144.25
Google,Pixelbook (Core,Ultrabook,12.3,8,Chrome OS,1.1,1275.0,Standard,2400,1600,Yes,No,No,Intel,1.2,Core i5 7Y57,128,0,SSD,No,Intel,HD Graphics 615,Mid-Range,128,1,0,Intel,1,1,159.375
Dell,Latitude 7390,Ultrabook,13.3,8,Windows 10,1.42,1841.85,Full HD,1920,1080,Yes,No,No,Intel,1.6,Core i5 8250U,256,0,SSD,No,Intel,UHD Graphics 620,Premium,256,1,0,Intel,1,1,230.23125
Asus,ZenBook Pro,Notebook,15.6,12,Windows 10,2.06,1299.0,4K Ultra HD,3840,2160,No,Yes,No,Intel,2.6,Core i7 6700HQ,128,1024,SSD,HDD,Intel,HD Graphics 530,Mid-Range,1152,1,0,Intel,0,1,108.25
Dell,Latitude E5470,Notebook,14.0,8,Windows 10,1.79,740.0,Standard,1366,768,No,No,No,Intel,2.3,Core i3 6100U,128,0,SSD,No,Intel,HD Graphics 520,Budget,128,1,0,Intel,1,0,92.5
Dell,Precision M5520,Workstation,15.6,8,Windows 10,1.78,2408.0,Full HD,1920,1080,No,No,No,Intel,2.8,Core i7 7700HQ,256,0,SSD,No,Nvidia,Quadro M1200,Premium,256,1,0,Intel,1,1,301.0
Lenovo,Thinkpad T470,Notebook,14.0,8,Windows 10,1.7,1364.0,Full HD,1920,1080,No,No,No,Intel,2.5,Core i5 7200U,180,0,SSD,No,Intel,HD Graphics 620,Mid-Range,180,1,0,Intel,1,1,170.5
Dell,Inspiron 3576,Notebook,15.6,8,Windows 10,2.2,675.0,Full HD,1920,1080,No,No,No,Intel,1.6,Core i5 8250U,1024,0,HDD,No,AMD,Radeon 520,Budget,1024,0,0,Intel,0,1,84.375
Toshiba,Portege X30-D-10J,Notebook,13.3,8,Windows 10,1.05,1672.0,Full HD,1920,1080,No,Yes,No,Intel,2.5,Core i5 7200U,256,0,SSD,No,Intel,HD Graphics 620,Premium,256,1,0,Intel,1,1,209.0
Dell,Inspiron 7570,Notebook,15.6,8,Windows 10,2.16,1262.0,Full HD,1920,1080,No,Yes,No,Intel,1.8,Core i7 8550U,512,0,SSD,No,Nvidia,GeForce 940MX,Mid-Range,512,1,0,Intel,0,1,157.75
Dell,Vostro 3568,Notebook,15.6,4,Windows 10,2.18,586.6,Standard,1366,768,No,No,No,Intel,2.4,Core i3 7100U,1024,0,HDD,No,Intel,HD Graphics 620,Budget,1024,0,0,Intel,0,0,146.65
HP,ProBook 430,Notebook,13.3,4,Windows 10,1.49,726.0,Full HD,1920,1080,No,Yes,No,Intel,1.6,Core i5 8250U,128,0,SSD,No,Intel,UHD Graphics 620,Budget,128,1,0,Intel,1,1,181.5
Chuwi,"Lapbook 15,6",Notebook,15.6,4,Windows 10,1.89,248.9,Full HD,1920,1080,No,No,No,Intel,1.44,Atom x5-Z8350,64,0,Flash Storage,No,Intel,HD Graphics,Budget,64,0,0,Intel,0,1,62.225
Lenovo,ThinkPad E570,Notebook,15.6,4,Windows 10,2.3,565.0,Standard,1366,768,No,No,No,Intel,2.0,Core i3 6006U,128,0,SSD,No,Intel,HD Graphics 520,Budget,128,1,0,Intel,0,0,141.25
Lenovo,ThinkPad E480,Notebook,14.0,8,Windows 10,1.75,1049.0,Full HD,1920,1080,No,Yes,No,Intel,1.6,Core i5 8250U,256,0,SSD,No,Intel,UHD Graphics 620,Mid-Range,256,1,0,Intel,1,1,131.125
Dell,Precision 3520,Workstation,15.6,16,Windows 10,2.17,2338.0,Full HD,1920,1080,No,Yes,No,Intel,2.7,Core i7 6820HQ,512,0,SSD,No,Nvidia,Quadro M620,Premium,512,1,1,Intel,0,1,146.125
Dell,XPS 15,Notebook,15.6,16,Windows 10,2.06,1899.0,Full HD,1920,1080,No,No,No,Intel,2.8,Core i7 7700HQ,512,0,SSD,No,Nvidia,GeForce GTX 1050,Premium,512,1,1,Intel,0,1,118.6875
Lenovo,Thinkpad X270,Ultrabook,12.5,16,Windows 10,1.36,1798.0,Full HD,1920,1080,No,Yes,No,Intel,2.7,Core i7 7500U,512,0,SSD,No,Intel,HD Graphics 620,Premium,512,1,1,Intel,1,1,112.375
Asus,Zenbook UX390UA,Ultrabook,12.5,16,Windows 10,0.91,1950.0,Full HD,1920,1080,No,No,No,Intel,2.7,Core i7 7500U,512,0,SSD,No,Intel,HD Graphics 620,Premium,512,1,1,Intel,1,1,121.875
Lenovo,Thinkpad E570,Notebook,15.6,8,Windows 10,2.3,1011.99,Full HD,1920,1080,No,Yes,No,Intel,2.5,Core i5 7200U,256,0,SSD,No,Nvidia,GeForce 940MX,Mid-Range,256,1,0,Intel,0,1,126.49875
Toshiba,Portege X30-D-10L,Ultrabook,13.3,32,Windows 10,1.05,2799.0,Full HD,1920,1080,Yes,No,No,Intel,2.7,Core i7 7500U,512,0,SSD,No,Intel,HD Graphics 620,Premium,512,1,1,Intel,1,1,87.46875
Asus,VivoBook Pro,Gaming,15.6,8,Windows 10,1.99,1350.0,Full HD,1920,1080,No,No,No,Intel,2.8,Core i7 7700HQ,128,1024,SSD,HDD,Nvidia,GeForce GTX 1050,Mid-Range,1152,1,0,Intel,0,1,168.75
Acer,Aspire 5,Notebook,15.6,8,Windows 10,2.2,579.0,Standard,1366,768,No,No,No,AMD,2.5,A10-Series 9620P,1024,0,HDD,No,AMD,Radeon RX 540,Budget,1024,0,0,AMD,0,0,72.375
Asus,Rog G752VL-UH71T,Gaming,17.3,24,Windows 10,4.33,1269.0,Full HD,1920,1080,Yes,Yes,No,Intel,2.6,Core i7 6700HQ,256,1024,SSD,HDD,Nvidia,GeForce GTX 965M,Mid-Range,1280,1,1,Intel,0,1,52.875
Lenovo,Thinkpad X260,Ultrabook,12.5,8,Windows 10,1.3,1099.0,Standard,1366,768,No,Yes,No,Intel,2.3,Core i5 6200U,180,0,SSD,No,Intel,HD Graphics 520,Mid-Range,180,1,0,Intel,1,0,137.375
Lenovo,Ideapad 520-15IKBR,Notebook,15.6,8,Windows 10,2.17,898.9,Full HD,1920,1080,No,No,No,Intel,1.8,Core i7 8550U,256,0,SSD,No,Intel,UHD Graphics 620,Mid-Range,256,1,0,Intel,0,1,112.3625
HP,EliteBook 840,Notebook,14.0,8,Windows 10,1.48,1749.0,Full HD,1920,1080,No,No,No,Intel,2.8,Core i7 7600U,1024,0,SSD,No,Intel,HD Graphics 620,Premium,1024,1,0,Intel,1,1,218.625
Lenovo,ThinkPad 13,Notebook,13.3,8,Windows 10,1.4,949.0,Full HD,1920,1080,No,Yes,No,Intel,2.4,Core i3 7100U,256,0,SSD,No,Intel,HD Graphics 620,Mid-Range,256,1,0,Intel,1,1,118.625
Lenovo,ThinkPad L570,Notebook,15.6,8,Windows 10,2.3,911.0,Full HD,1920,1080,No,Yes,No,Intel,2.5,Core i5 7200U,256,0,SSD,No,Intel,HD Graphics 620,Mid-Range,256,1,0,Intel,0,1,113.875
Asus,VivoBook E201NA,Netbook,11.6,4,Windows 10 S,1.2,340.0,Standard,1366,768,No,No,No,Intel,1.1,Celeron Dual Core N3350,64,0,Flash Storage,No,Intel,HD Graphics 500,Budget,64,0,0,Intel,1,0,85.0
HP,15-BS026nv (i5-7200U/8GB/256GB/Radeon,Notebook,15.6,8,Windows 10,1.91,618.99,Standard,1366,768,No,No,No,Intel,2.5,Core i5 7200U,256,0,SSD,No,AMD,Radeon 520,Budget,256,1,0,Intel,0,0,77.37375
Lenovo,Yoga 920-13IKB,2 in 1 Convertible,13.9,8,Windows 10,1.4,1599.0,Full HD,1920,1080,Yes,Yes,No,Intel,1.6,Core i5 8250U,256,0,SSD,No,Intel,UHD Graphics 620,Premium,256,1,0,Intel,1,1,199.875
Lenovo,IdeaPad 320-14IAP,Notebook,14.0,4,Windows 10,2.1,299.0,Standard,1366,768,No,No,No,Intel,1.1,Celeron Dual Core N3350,500,0,HDD,No,Intel,HD Graphics 500,Budget,500,0,0,Intel,0,0,74.75
Lenovo,Chromebook N23,Netbook,11.6,4,Chrome OS,1.25,265.0,Standard,1366,768,No,No,No,Intel,1.6,Celeron Dual Core N3060,16,0,SSD,No,Intel,HD Graphics 400,Budget,16,1,0,Intel,1,0,66.25
Lenovo,ThinkPad 13,Notebook,13.3,8,Windows 10,1.44,949.0,Full HD,1920,1080,No,No,No,Intel,2.5,Core i5 7200U,256,0,SSD,No,Intel,HD Graphics 620,Mid-Range,256,1,0,Intel,1,1,118.625
Asus,ZenBook UX510UX-CN211T,Notebook,15.6,8,Windows 10,2.0,1224.0,Full HD,1920,1080,No,No,No,Intel,2.7,Core i7 7500U,256,1024,SSD,HDD,Intel,HD Graphics 620,Mid-Range,1280,1,0,Intel,0,1,153.0
Acer,Aspire A515-51G-59QF,Notebook,15.6,4,Windows 10,2.2,613.0,Full HD,1920,1080,No,Yes,No,Intel,1.6,Core i5 8250U,1024,0,HDD,No,Nvidia,GeForce MX150,Budget,1024,0,0,Intel,0,1,153.25
HP,Envy 13-AB002nv,Ultrabook,13.3,8,Windows 10,1.34,1323.0,Full HD,1920,1080,No,Yes,No,Intel,2.7,Core i7 7500U,512,0,SSD,No,Intel,HD Graphics 620,Mid-Range,512,1,0,Intel,1,1,165.375
Lenovo,Legion Y520-15IKBN,Gaming,15.6,8,No OS,2.4,1149.0,Full HD,1920,1080,No,Yes,No,Intel,2.8,Core i7 7700HQ,256,1024,SSD,HDD,Nvidia,GeForce GTX 1060,Mid-Range,1280,1,0,Intel,0,1,143.625
Dell,XPS 13,Ultrabook,13.3,8,Windows 10,1.29,899.0,Full HD,1920,1080,Yes,Yes,No,Intel,2.5,Core i5 7200U,128,0,SSD,No,Intel,HD Graphics 620,Mid-Range,128,1,0,Intel,1,1,112.375
Acer,Aspire A515-51G,Notebook,15.6,4,Windows 10,2.2,639.0,Full HD,1920,1080,No,No,No,Intel,2.7,Core i7 7500U,500,0,HDD,No,Nvidia,GeForce 940MX,Budget,500,0,0,Intel,0,1,159.75
Dell,Vostro 5568,Notebook,15.6,8,Windows 10,2.18,836.0,Full HD,1920,1080,No,No,No,Intel,2.5,Core i5 7200U,1024,0,HDD,No,Intel,HD Graphics 620,Mid-Range,1024,0,0,Intel,0,1,104.5
Dell,Inspiron 5570,Notebook,15.6,16,Windows 10,2.2,1219.24,Full HD,1920,1080,No,No,No,Intel,1.8,Core i7 8550U,256,2048,SSD,HDD,AMD,Radeon 530,Mid-Range,2304,1,1,Intel,0,1,76.2025
Xiaomi,Mi Notebook,Notebook,15.6,16,No OS,1.95,1399.95,Full HD,1920,1080,No,Yes,No,Intel,1.8,Core i7 8550U,256,0,SSD,No,Nvidia,GeForce MX150,Mid-Range,256,1,1,Intel,0,1,87.496875
Asus,VivoBook E12,Netbook,11.6,2,Windows 10,1.1,245.0,Standard,1366,768,No,No,No,Intel,1.1,Celeron Dual Core N3350,32,0,Flash Storage,No,Intel,HD Graphics 500,Budget,32,0,0,Intel,1,0,122.5
HP,15-bs190od (i5-8250U/4GB/1TB/W10),Notebook,15.6,4,Windows 10,2.04,521.47,Standard,1366,768,Yes,No,No,Intel,1.6,Core i5 8250U,1024,0,HDD,No,Intel,UHD Graphics 620,Budget,1024,0,0,Intel,0,0,130.3675
Asus,ROG Zephyrus,Gaming,15.6,24,Windows 10,2.24,2968.0,Full HD,1920,1080,No,No,No,Intel,2.8,Core i7 7700HQ,512,0,SSD,No,Nvidia,GeForce GTX1080,Premium,512,1,1,Intel,0,1,123.66666666666667
HP,Probook 450,Notebook,15.6,8,Windows 10,2.04,889.0,Full HD,1920,1080,No,No,No,Intel,2.5,Core i5 7200U,256,0,SSD,No,Nvidia,GeForce 930MX,Mid-Range,256,1,0,Intel,0,1,111.125
Asus,FX753VE-GC155T (i7-7700HQ/16GB/1TB,Gaming,17.3,16,Windows 10,3.0,1504.0,Full HD,1920,1080,No,No,No,Intel,2.8,Core i7 7700HQ,256,1024,SSD,HDD,Nvidia,GeForce GTX1050 Ti,Premium,1280,1,1,Intel,0,1,94.0
Lenovo,Legion Y720-15IKB,Gaming,15.6,8,Windows 10,3.2,1399.0,Full HD,1920,1080,No,Yes,No,Intel,2.8,Core i7 7700HQ,256,1024,SSD,HDD,Nvidia,GeForce GTX 1060,Mid-Range,1280,1,0,Intel,0,1,174.875
HP,Spectre X360,Ultrabook,13.3,8,Windows 10,1.32,1399.0,Full HD,1920,1080,No,Yes,No,Intel,2.7,Core i7 7500U,256,0,SSD,No,Intel,HD Graphics 620,Mid-Range,256,1,0,Intel,1,1,174.875
Dell,Latitude 5480,Notebook,14.0,8,Windows 10,1.64,1279.73,Full HD,1920,1080,No,No,No,Intel,2.6,Core i5 7300U,256,0,SSD,No,Intel,HD Graphics 620,Mid-Range,256,1,0,Intel,1,1,159.96625
HP,ProBook 440,Notebook,15.6,4,Windows 10,1.63,689.0,Standard,1366,768,No,No,No,Intel,2.0,Core i3 6006U,128,0,SSD,No,Intel,HD Graphics 520,Budget,128,1,0,Intel,1,0,172.25
Dell,Inspiron 5770,Notebook,17.3,8,Linux,2.8,889.0,Full HD,1920,1080,No,Yes,No,Intel,1.6,Core i5 8250U,128,1024,SSD,HDD,AMD,Radeon 530,Mid-Range,1152,1,0,Intel,0,1,111.125
Lenovo,ThinkPad L470,Notebook,14.0,8,Windows 7,2.02,1340.0,Full HD,1920,1080,No,No,No,Intel,2.3,Core i5 6200U,256,0,SSD,No,Intel,HD Graphics 520,Mid-Range,256,1,0,Intel,0,1,167.5
Lenovo,IdeaPad 320-15IKB,Notebook,15.6,4,Windows 10,2.2,799.0,Full HD,1920,1080,No,No,No,Intel,2.7,Core i7 7500U,1024,0,HDD,No,Nvidia,GeForce 920MX,Budget,1024,0,0,Intel,0,1,199.75
Lenovo,IdeaPad 320-15ISK,Notebook,15.6,8,No OS,2.2,459.0,Standard,1366,768,No,No,No,Intel,2.0,Core i3 6006U,2048,0,HDD,No,Nvidia,GeForce 920MX ,Budget,2048,0,0,Intel,0,0,57.375
Dell,Inspiron 3567,Notebook,15.6,4,Windows 10,2.3,585.0,Full HD,1920,1080,No,No,No,Intel,2.5,Core i5 7200U,500,0,HDD,No,AMD,Radeon R5 M430,Budget,500,0,0,Intel,0,1,146.25
Dell,Latitude 5580,Notebook,15.6,8,Windows 10,1.9,1377.0,Full HD,1920,1080,No,No,No,Intel,2.8,Core i5 7440HQ,256,0,SSD,No,Intel,HD Graphics 620,Mid-Range,256,1,0,Intel,0,1,172.125
Dell,Alienware 17,Gaming,17.3,16,Windows 10,4.42,3012.77,Full HD,1920,1080,No,Yes,No,Intel,2.8,Core i7 7700HQ,128,1024,SSD,HDD,Nvidia,GeForce GTX 1070,,1152,1,1,Intel,0,1,188.298125
Toshiba,Satellite Pro,Notebook,15.6,8,Windows 10,2.0,860.0,Full HD,1920,1080,No,Yes,No,Intel,2.5,Core i5 7200U,500,0,HDD,No,Intel,HD Graphics 620,Mid-Range,500,0,0,Intel,0,1,107.5
Asus,Zenbook UX510UW-FI095T,Notebook,15.6,8,Windows 10,2.0,1299.0,4K Ultra HD,3840,2160,No,Yes,No,Intel,2.7,Core i7 7500U,256,1024,SSD,HDD,Nvidia,GeForce GTX 960M,Mid-Range,1280,1,0,Intel,0,1,162.375
Mediacom,SmartBook Edge,Notebook,13.3,4,Windows 10,1.2,369.0,Full HD,1920,1080,No,Yes,No,Intel,1.1,Celeron Quad Core N3450,32,0,SSD,No,Intel,HD Graphics 500,Budget,32,1,0,Intel,1,1,92.25
Asus,ROG Strix,Gaming,15.6,8,Windows 10,2.3,1649.0,Full HD,1920,1080,No,Yes,No,Intel,2.5,Core i5 7300HQ,128,1024,SSD,HDD,Nvidia,GeForce GTX 1060,Premium,1152,1,0,Intel,0,1,206.125
Dell,Latitude 5580,Notebook,15.6,8,Windows 10,1.93,1369.0,Full HD,1920,1080,No,No,No,Intel,2.8,Core i7 7600U,256,0,SSD,No,Nvidia,GeForce 930MX,Mid-Range,256,1,0,Intel,0,1,171.125
Dell,Inspiron 5570,Notebook,15.6,8,Windows 10,2.2,797.41,Full HD,1920,1080,No,No,No,Intel,1.6,Core i5 8250U,256,0,SSD,No,AMD,Radeon 530,Budget,256,1,0,Intel,0,1,99.67625
HP,250 G6,Notebook,15.6,4,Windows 10,1.86,398.99,Full HD,1920,1080,No,No,No,Intel,1.6,Pentium Quad Core N3710,256,0,SSD,No,Intel,HD Graphics 405,Budget,256,1,0,Intel,0,1,99.7475
HP,Omen 15-ce006nv,Gaming,17.3,12,Windows 10,2.62,1799.0,Full HD,1920,1080,No,No,No,Intel,2.8,Core i7 7700HQ,1024,0,HDD,No,Nvidia,GeForce GTX 1060,Premium,1024,0,0,Intel,0,1,149.91666666666666
Lenovo,Thinkpad E470,Notebook,14.0,8,Windows 10,1.87,859.0,Full HD,1920,1080,No,Yes,No,Intel,2.7,Core i7 7500U,256,0,SSD,No,Nvidia,GeForce 940MX,Mid-Range,256,1,0,Intel,0,1,107.375
Dell,XPS 13,Ultrabook,13.3,8,Windows 10,1.2,1399.0,Quad HD+,3200,1800,Yes,No,No,Intel,1.8,Core i7 8550U,256,0,SSD,No,Intel,UHD Graphics 620,Mid-Range,256,1,0,Intel,1,1,174.875
Dell,Vostro 5468,Notebook,14.0,4,Windows 10,1.6,735.87,Full HD,1920,1080,No,No,No,Intel,2.0,Core i3 6006U,128,0,SSD,No,Intel,HD Graphics 520,Budget,128,1,0,Intel,1,1,183.9675
HP,Envy 13-AB020nr,Ultrabook,13.3,8,Windows 10,1.34,1145.0,Quad HD+,3200,1800,No,Yes,No,Intel,2.7,Core i7 7500U,256,0,SSD,No,Intel,HD Graphics 620,Mid-Range,256,1,0,Intel,1,1,143.125
Acer,Aspire 7,Gaming,15.6,8,Linux,2.4,798.0,Full HD,1920,1080,No,No,No,Intel,2.5,Core i5 7300HQ,1024,0,HDD,No,Nvidia,GeForce GTX 1050,Budget,1024,0,0,Intel,0,1,99.75
Asus,VivoBook X540YA-XX519T,Notebook,15.6,4,Windows 10,2.0,349.0,Standard,1366,768,No,No,No,AMD,1.8,E-Series 7110,500,0,HDD,No,AMD,Radeon R2 Graphics,Budget,500,0,0,AMD,0,0,87.25
HP,ProBook 450,Notebook,15.6,4,Windows 10,2.1,705.5,Full HD,1920,1080,No,No,No,Intel,2.4,Core i3 7100U,128,0,SSD,No,Intel,HD Graphics 620,Budget,128,1,0,Intel,0,1,176.375
Lenovo,ThinkPad E470,Notebook,14.0,4,Windows 10,1.87,785.0,Full HD,1920,1080,No,No,No,Intel,2.5,Core i5 7200U,500,0,HDD,No,Intel,HD Graphics 620,Budget,500,0,0,Intel,0,1,196.25
Lenovo,V310-15ISK (i5-6200U/4GB/1TB/FHD/No,Notebook,15.6,4,No OS,2.15,462.35,Full HD,1920,1080,No,No,No,Intel,2.3,Core i5 6200U,1024,0,HDD,No,Intel,HD Graphics 520,Budget,1024,0,0,Intel,0,1,115.5875
HP,250 G6,Notebook,15.6,4,Windows 10,1.86,397.0,Full HD,1920,1080,No,No,No,Intel,2.0,Core i3 6006U,500,0,HDD,No,Intel,HD Graphics 520,Budget,500,0,0,Intel,0,1,99.25
Lenovo,ThinkPad T570,Notebook,15.6,8,Windows 10,1.99,1729.0,Full HD,1920,1080,No,Yes,No,Intel,2.7,Core i7 7500U,512,0,SSD,No,Intel,HD Graphics 620,Premium,512,1,0,Intel,0,1,216.125
Lenovo,IdeaPad 320-15ISK,Notebook,15.6,4,Windows 10,2.2,499.0,Full HD,1920,1080,No,No,No,Intel,2.0,Core i3 6006U,128,0,SSD,No,Intel,HD Graphics 520,Budget,128,1,0,Intel,0,1,124.75
Dell,Latitude 5580,Notebook,15.6,8,Windows 10,1.9,1116.99,Full HD,1920,1080,No,No,No,Intel,2.5,Core i5 7200U,256,0,SSD,No,Intel,HD Graphics 620,Mid-Range,256,1,0,Intel,0,1,139.62375
Dell,Alienware 17,Gaming,17.3,16,Windows 10,4.42,2699.0,Full HD,1920,1080,No,Yes,No,Intel,2.8,Core i7 7700HQ,256,1024,SSD,HDD,Nvidia,GeForce GTX 1070,Premium,1280,1,1,Intel,0,1,168.6875
HP,17-X047na (i3-6006U/8GB/1TB/W10),Notebook,17.3,8,Windows 10,2.65,544.15,Standard,1600,900,No,No,No,Intel,2.0,Core i3 6006U,1024,0,HDD,No,Intel,HD Graphics 520,Budget,1024,0,0,Intel,0,0,68.01875
HP,ProBook 470,Notebook,17.3,8,Windows 10,2.63,1280.0,Full HD,1920,1080,No,No,No,Intel,2.7,Core i7 7500U,1024,0,HDD,No,Nvidia,GeForce 930MX,Mid-Range,1024,0,0,Intel,0,1,160.0
Asus,A541NA-GO342 (N3350/4GB/500GB/Linux),Notebook,15.6,4,Linux,2.0,224.0,Standard,1366,768,No,No,No,Intel,1.1,Celeron Dual Core N3350,500,0,HDD,No,Intel,HD Graphics 500,Budget,500,0,0,Intel,0,0,56.0
Mediacom,SmartBook 130,Notebook,13.3,4,Windows 10,1.35,255.0,Full HD,1920,1080,No,Yes,No,Intel,1.44,Atom x5-Z8350,32,0,Flash Storage,No,Intel,HD Graphics,Budget,32,0,0,Intel,1,1,63.75
Lenovo,IdeaPad 320-17IKB,Notebook,17.3,6,Windows 10,2.8,949.0,Standard,1600,900,No,No,No,Intel,2.7,Core i7 7500U,128,1024,SSD,HDD,Nvidia,GeForce 940MX,Mid-Range,1152,1,0,Intel,0,0,158.16666666666666
HP,15-bw007nv (A10-9620P/6GB/128GB/Radeon,Notebook,15.6,6,Windows 10,1.91,568.9,Full HD,1920,1080,No,Yes,No,AMD,2.5,A10-Series A10-9620P,128,0,SSD,No,AMD,Radeon 530,Budget,128,1,0,AMD,0,1,94.81666666666666
Dell,Vostro 3568,Notebook,15.6,4,Windows 10,2.18,617.9,Standard,1366,768,No,No,No,Intel,2.0,Core i3 6006U,1024,0,HDD,No,AMD,Radeon R5 M420,Budget,1024,0,0,Intel,0,0,154.475
Acer,Spin SP111-31,2 in 1 Convertible,11.6,4,Windows 10,1.25,349.0,Full HD,1920,1080,Yes,Yes,No,Intel,2.0,Celeron Dual Core N3350,32,0,Flash Storage,No,Intel,HD Graphics 500,Budget,32,0,0,Intel,1,1,87.25
Lenovo,V330-15IKB (i3-7130U/4GB/128GB/FHD/W10),Notebook,15.6,4,Windows 10,2.05,630.0,Full HD,1920,1080,No,No,No,Intel,2.7,Core i3 7130U,128,0,SSD,No,Intel,HD Graphics 620,Budget,128,1,0,Intel,0,1,157.5
HP,EliteBook 1030,Ultrabook,13.3,16,Windows 10,1.16,1965.0,Quad HD+,3200,1800,Yes,Yes,No,Intel,1.2,Core M 6Y75,512,0,SSD,No,Intel,HD Graphics 515,Premium,512,1,1,Intel,1,1,122.8125
Lenovo,Thinkpad P71,Notebook,17.3,8,Windows 10,3.4,2999.0,Full HD,1920,1080,No,Yes,No,Intel,2.8,Core i7 7700HQ,256,0,SSD,No,Nvidia,Quadro M620M,Premium,256,1,0,Intel,0,1,374.875
Asus,FX553VD-DM627T (i5-7300HQ/8GB/1TB,Notebook,15.6,8,Windows 10,2.5,839.0,Full HD,1920,1080,No,No,No,Intel,2.5,Core i5 7300HQ,128,1024,SSD,HDD,Nvidia,GeForce GTX 1050,Mid-Range,1152,1,0,Intel,0,1,104.875
Dell,XPS 13,Ultrabook,13.3,8,Windows 10,1.21,1599.0,4K Ultra HD,3840,2160,Yes,Yes,No,Intel,1.6,Core i5 8250U,128,0,SSD,No,Intel,UHD Graphics 620,Premium,128,1,0,Intel,1,1,199.875
Dell,Latitude 5580,Notebook,15.6,4,Windows 10,1.93,959.0,Standard,1366,768,No,No,No,Intel,2.6,Core i5 7300U,500,0,HDD,No,Intel,HD Graphics 620,Mid-Range,500,0,0,Intel,0,0,239.75
Fujitsu,Lifebook A557,Notebook,15.6,8,Windows 10,2.2,739.0,Standard,1366,768,No,No,No,Intel,2.5,Core i5 7200U,1024,0,HDD,No,Intel,HD Graphics 620,Budget,1024,0,0,Intel,0,0,92.375
Lenovo,IdeaPad 320-15IAP,Notebook,15.6,4,Windows 10,2.2,344.0,Full HD,1920,1080,No,No,No,Intel,1.1,Pentium Quad Core N4200,500,0,HDD,No,Intel,HD Graphics 505,Budget,500,0,0,Intel,0,1,86.0
Lenovo,ThinkPad L470,Notebook,14.0,4,Windows 10,2.02,990.0,Standard,1366,768,No,No,No,Intel,2.5,Core i5 7200U,500,0,HDD,No,Intel,HD Graphics 620,Mid-Range,500,0,0,Intel,0,0,247.5
HP,ZBook 17,Workstation,17.3,8,Windows 10,3.14,1860.99,Standard,1600,900,No,No,No,Intel,2.8,Core i5 7440HQ,500,0,HDD,No,Nvidia,Quadro M1200,Premium,500,0,0,Intel,0,0,232.62375
HP,14-am079na (N3710/8GB/2TB/W10),Notebook,14.0,8,Windows 10,1.94,389.0,Standard,1366,768,No,No,No,Intel,1.6,Pentium Quad Core N3710,2048,0,HDD,No,Intel,HD Graphics 405,Budget,2048,0,0,Intel,0,0,48.625
HP,15-cd005nv (A9-9420/6GB/256GB/Radeon,Notebook,15.6,6,Windows 10,1.95,649.0,Full HD,1920,1080,No,Yes,No,AMD,3.0,A9-Series A9-9420,256,0,SSD,No,AMD,Radeon 530,Budget,256,1,0,AMD,0,1,108.16666666666667
Lenovo,Thinkpad E570,Notebook,15.6,8,Windows 10,2.3,830.0,Full HD,1920,1080,No,No,No,Intel,2.5,Core i5 7200U,256,0,SSD,No,Intel,HD Graphics 620,Mid-Range,256,1,0,Intel,0,1,103.75
Lenovo,V330-15IKB (i5-8250U/4GB/500GB/FHD/W10),Notebook,15.6,4,Windows 10,2.05,685.0,Full HD,1920,1080,No,No,No,Intel,1.6,Core i5 8250U,500,0,HDD,No,Intel,HD Graphics 620,Budget,500,0,0,Intel,0,1,171.25
Mediacom,SmartBook 141,Notebook,14.0,4,Windows 10,1.4,249.0,Full HD,1920,1080,No,No,No,Intel,1.44,Atom x5-Z8350,32,0,SSD,No,Intel,HD Graphics,Budget,32,1,0,Intel,1,1,62.25
Toshiba,Tecra X40-D-10H,Ultrabook,14.0,16,Windows 10,1.24,1865.0,Full HD,1920,1080,Yes,No,No,Intel,2.7,Core i7 7500U,512,0,SSD,No,Intel,HD Graphics 620,Premium,512,1,1,Intel,1,1,116.5625
Lenovo,IdeaPad Y910-17ISK,Gaming,17.3,32,Windows 10,4.6,2663.0,Full HD,1920,1080,No,Yes,No,Intel,2.7,Core i7 6820HK,256,1024,SSD,HDD,Nvidia,GeForce GTX 1070,Premium,1280,1,1,Intel,0,1,83.21875
MSI,GT73VR Titan,Gaming,17.3,16,Windows 10,4.14,2729.0,Full HD,1920,1080,No,No,No,Intel,2.9,Core i7 7820HK,512,1024,SSD,HDD,Nvidia,GeForce GTX 1070,Premium,1536,1,1,Intel,0,1,170.5625
Dell,Inspiron 3567,Notebook,15.6,8,Linux,2.2,749.01,Full HD,1920,1080,No,No,No,Intel,2.7,Core i7 7500U,256,0,SSD,No,AMD,Radeon R5 M430,Budget,256,1,0,Intel,0,1,93.62625
Mediacom,SmartBook Edge,Notebook,14.0,4,Windows 10,1.45,389.0,Full HD,1920,1080,No,Yes,No,Intel,1.1,Celeron Quad Core N3450,32,0,SSD,No,Intel,HD Graphics 500,Budget,32,1,0,Intel,1,1,97.25
Dell,Latitude 5580,Notebook,15.6,8,Windows 10,1.9,1008.52,Standard,1366,768,No,No,No,Intel,2.6,Core i5 7300U,500,0,HDD,No,Intel,HD Graphics 620,Mid-Range,500,0,0,Intel,0,0,126.065
HP,ProBook 430,Notebook,13.3,4,Windows 10,1.49,719.0,Full HD,1920,1080,No,No,No,Intel,2.4,Core i3 7100U,128,0,SSD,No,Intel,HD Graphics 620,Budget,128,1,0,Intel,1,1,179.75
Dell,Latitude 5580,Notebook,15.6,16,Windows 10,1.93,1537.39,Full HD,1920,1080,No,No,No,Intel,2.8,Core i7 7600U,256,0,SSD,No,Nvidia,GeForce 930MX,Premium,256,1,1,Intel,0,1,96.086875
Dell,Chromebook 11,Netbook,11.6,4,Chrome OS,1.26,295.0,Standard,1366,768,No,No,No,Intel,1.6,Celeron Dual Core N3060,16,0,Flash Storage,No,Intel,HD Graphics 400,Budget,16,0,0,Intel,1,0,73.75
MSI,GT80S 6QE,Gaming,17.3,16,Windows 10,4.5,2349.0,Full HD,1920,1080,No,No,No,Intel,2.7,Core i7 6820HK,128,1024,SSD,HDD,Nvidia,GeForce GTX 980M,Premium,1152,1,1,Intel,0,1,146.8125
HP,Omen 17-AN010nv,Gaming,17.3,16,Windows 10,3.78,1498.0,Full HD,1920,1080,No,Yes,No,Intel,2.8,Core i7 7700HQ,256,1024,SSD,HDD,Nvidia,GeForce GTX 1050,Mid-Range,1280,1,1,Intel,0,1,93.625
Lenovo,Thinkpad T460s,Ultrabook,14.0,12,Windows 10,1.4,1673.0,Full HD,1920,1080,No,Yes,No,Intel,2.6,Core i7 6600U,256,0,SSD,No,Intel,HD Graphics 520,Premium,256,1,0,Intel,1,1,139.41666666666666
Lenovo,Ideapad 320-15IKBR,Notebook,15.6,12,Windows 10,2.2,609.0,Standard,1366,768,Yes,No,No,Intel,1.8,Core i7 8550U,1024,0,HDD,No,Intel,HD Graphics 620,Budget,1024,0,0,Intel,0,0,50.75
Asus,ROG Strix,Gaming,17.3,8,Windows 10,2.73,1770.0,Full HD,1920,1080,No,Yes,No,Intel,2.5,Core i5 7300HQ,128,1024,SSD,HDD,Nvidia,GeForce GTX 1060,Premium,1152,1,0,Intel,0,1,221.25
Asus,TP501UA-CJ131T (i5-7200U/8GB/1TB/W10),2 in 1 Convertible,15.6,8,Windows 10,2.2,739.0,Standard,1366,768,Yes,No,No,Intel,2.5,Core i5 7200U,1024,0,HDD,No,Intel,HD Graphics 520,Budget,1024,0,0,Intel,0,0,92.375
Lenovo,IdeaPad 320-15ABR,Notebook,15.6,12,Windows 10,2.2,949.0,Full HD,1920,1080,No,No,No,AMD,3.6,A12-Series 9720P,512,0,SSD,No,AMD,Radeon 530,Mid-Range,512,1,0,AMD,0,1,79.08333333333333
Dell,Inspiron 3179,2 in 1 Convertible,11.6,4,Windows 10,1.39,603.0,Standard,1366,768,Yes,No,No,Intel,1.0,Core M 7Y30,128,0,SSD,No,Intel,HD Graphics 615,Budget,128,1,0,Intel,1,0,150.75
Samsung,Notebook Odyssey,Notebook,15.6,16,Windows 10,2.5,1699.0,Full HD,1920,1080,No,No,No,Intel,2.8,Core i7 7700HQ,128,1024,SSD,HDD,Nvidia,GeForce GTX 1050,Premium,1152,1,1,Intel,0,1,106.1875
Lenovo,V320-17ISK (i3-6006U/4GB/500GB/FHD/No,Notebook,17.3,4,No OS,2.8,529.0,Full HD,1920,1080,No,No,No,Intel,2.0,Core i3 6006U,500,0,HDD,No,Intel,HD Graphics 520,Budget,500,0,0,Intel,0,1,132.25
Lenovo,IdeaPad 110-15ISK,Notebook,15.6,8,Windows 10,2.29,459.0,Standard,1366,768,No,No,No,Intel,2.3,Core i3 6100U,1024,0,HDD,No,Intel,HD Graphics 520,Budget,1024,0,0,Intel,0,0,57.375
Lenovo,ThinkPad Yoga,2 in 1 Convertible,13.3,8,Windows 10,1.37,2025.0,Full HD,1920,1080,Yes,Yes,No,Intel,2.7,Core i7 7500U,512,0,SSD,No,Intel,HD Graphics 620,Premium,512,1,0,Intel,1,1,253.125
Lenovo,Thinkpad T470p,Notebook,14.0,8,Windows 10,1.7,1474.0,Full HD,1920,1080,No,Yes,No,Intel,2.5,Core i5 7300HQ,256,0,SSD,No,Intel,HD Graphics 630,Mid-Range,256,1,0,Intel,1,1,184.25
Dell,Latitude 5289,2 in 1 Convertible,12.5,8,Windows 10,1.34,1670.0,Full HD,1920,1080,Yes,No,No,Intel,2.5,Core i5 7200U,256,0,SSD,No,Intel,HD Graphics 620,Premium,256,1,0,Intel,1,1,208.75
Dell,Precision 3520,Workstation,15.6,8,Windows 10,2.06,1763.0,Full HD,1920,1080,Yes,No,No,Intel,2.8,Core i7 7700HQ,256,0,SSD,No,Nvidia,Quadro M620,Premium,256,1,0,Intel,0,1,220.375
HP,EliteBook 850,Notebook,15.6,8,Windows 10,1.84,1219.0,Full HD,1920,1080,No,No,No,Intel,2.7,Core i7 7500U,256,0,SSD,No,Intel,HD Graphics 620,Mid-Range,256,1,0,Intel,0,1,152.375
HP,ProBook 450,Notebook,15.6,4,Windows 10,2.1,668.48,Standard,1366,768,No,No,No,Intel,2.4,Core i3 7100U,500,0,HDD,No,Intel,HD Graphics 620,Budget,500,0,0,Intel,0,0,167.12
Acer,Aspire 1,Notebook,14.0,4,Windows 10,1.6,329.0,Full HD,1920,1080,No,No,No,Intel,1.1,Celeron Quad Core N3450,32,0,Flash Storage,No,Intel,HD Graphics 500,Budget,32,0,0,Intel,1,1,82.25
MSI,Laptop MSI,Gaming,17.3,16,Windows 10,4.14,2199.0,Full HD,1920,1080,No,No,No,Intel,2.7,Core i7 6820HK,128,1024,SSD,HDD,Nvidia,GeForce GTX 970M,Premium,1152,1,1,Intel,0,1,137.4375
Dell,Vostro 3568,Notebook,15.6,4,Linux,2.18,465.0,Standard,1366,768,No,No,No,Intel,2.0,Core i3 6006U,1024,0,HDD,No,AMD,Radeon R5 M420,Budget,1024,0,0,Intel,0,0,116.25
MSI,GS63VR 7RF,Gaming,15.6,16,Windows 10,1.8,2299.0,4K Ultra HD,3840,2160,No,No,No,Intel,2.8,Core i7 7700HQ,256,2048,SSD,HDD,Nvidia,GeForce GTX 1060,Premium,2304,1,1,Intel,1,1,143.6875
Toshiba,Tecra Z50-C-144,Notebook,15.6,8,Windows 10,2.2,1399.0,Full HD,1920,1080,No,Yes,No,Intel,2.5,Core i7 6500U,256,0,SSD,No,Intel,HD Graphics 520,Mid-Range,256,1,0,Intel,0,1,174.875
Lenovo,IdeaPad 310-15IKB,Notebook,15.6,6,Windows 10,2.4,564.0,Full HD,1920,1080,No,No,No,Intel,2.5,Core i5 7200U,1024,0,HDD,No,Intel,HD Graphics 620,Budget,1024,0,0,Intel,0,1,94.0
Lenovo,Yoga 720-15IKB,2 in 1 Convertible,15.6,8,Windows 10,2.0,1299.0,Full HD,1920,1080,Yes,Yes,No,Intel,2.8,Core i7 7700HQ,256,0,SSD,No,Intel,HD Graphics 630,Mid-Range,256,1,0,Intel,0,1,162.375
Acer,Swift SF114-31-P5HY,Notebook,14.0,4,Windows 10,1.6,349.0,Standard,1366,768,No,No,No,Intel,1.6,Pentium Quad Core N3710,128,0,Flash Storage,No,Intel,HD Graphics 405,Budget,128,0,0,Intel,1,0,87.25
Lenovo,Thinkpad P51,Notebook,15.6,32,Windows 10,2.5,4899.0,4K Ultra HD,3840,2160,No,Yes,No,Intel,3.1,Xeon E3-1535M v6,1024,0,SSD,No,Nvidia,Quadro M2200M,,1024,1,1,Intel,0,1,153.09375
Dell,Inspiron 7559,Gaming,15.6,16,Windows 10,2.59,879.01,Full HD,1920,1080,No,No,No,Intel,2.6,Core i7 6700HQ,1024,0,HDD,No,Nvidia,GeForce GTX 960<U+039C>,Mid-Range,1024,0,1,Intel,0,1,54.938125
Dell,Vostro 3568,Notebook,15.6,4,Linux,2.18,443.9,Standard,1366,768,No,No,No,Intel,2.0,Core i3 6006U,1024,0,HDD,No,Intel,HD Graphics 520,Budget,1024,0,0,Intel,0,0,110.975
Dell,Inspiron 3567,Notebook,15.6,4,Linux,2.25,359.0,Standard,1366,768,No,No,No,Intel,2.0,Core i3 6006U,1024,0,HDD,No,Intel,HD Graphics 520,Budget,1024,0,0,Intel,0,0,89.75
Dell,Latitude 5580,Notebook,15.6,4,Linux,1.93,869.0,Standard,1366,768,No,No,No,Intel,2.6,Core i5 7300U,500,0,HDD,No,Intel,HD Graphics 620,Mid-Range,500,0,0,Intel,0,0,217.25
Asus,FX753VD-GC007T (i7-7700HQ/8GB/1TB,Gaming,17.3,8,Windows 10,3.0,1168.0,Full HD,1920,1080,No,No,No,Intel,2.8,Core i7 7700HQ,128,1024,SSD,HDD,Nvidia,GeForce GTX 1050,Mid-Range,1152,1,0,Intel,0,1,146.0
Dell,Vostro 3568,Notebook,15.6,4,Linux,2.18,569.0,Full HD,1920,1080,No,No,No,Intel,2.5,Core i5 7200U,128,0,SSD,No,AMD,Radeon R5 M420,Budget,128,1,0,Intel,0,1,142.25
HP,EliteBook 850,Ultrabook,15.6,8,Windows 10,1.84,1389.0,Full HD,1920,1080,No,No,No,Intel,2.7,Core i7 7500U,512,0,SSD,No,Intel,HD Graphics 620,Mid-Range,512,1,0,Intel,0,1,173.625
MSI,GT62VR 7RE,Gaming,15.6,16,Windows 10,2.94,2267.86,Full HD,1920,1080,No,No,No,Intel,2.8,Core i7 7700HQ,256,1024,SSD,HDD,Nvidia,GeForce GTX 1070,Premium,1280,1,1,Intel,0,1,141.74125
Acer,CB5-132T-C9KK (N3160/4GB/32GB/Chrome,2 in 1 Convertible,11.6,4,Chrome OS,1.25,379.0,Standard,1366,768,Yes,Yes,No,Intel,1.6,Celeron Quad Core N3160,32,0,Flash Storage,No,Intel,HD Graphics 400,Budget,32,0,0,Intel,1,0,94.75
HP,ProBook 650,Notebook,14.0,8,Windows 10,2.31,1124.0,Standard,1366,768,No,No,No,Intel,2.6,Core i5 7300U,256,0,SSD,No,Intel,HD Graphics 620,Mid-Range,256,1,0,Intel,0,0,140.5
Lenovo,ThinkPad T470,Notebook,14.0,8,Windows 7,1.65,1465.0,Full HD,1920,1080,No,No,No,Intel,2.3,Core i5 6200U,256,0,SSD,No,Intel,HD Graphics 520,Mid-Range,256,1,0,Intel,1,1,183.125
Dell,Inspiron 5570,Notebook,15.6,4,Windows 10,2.2,776.0,Full HD,1920,1080,No,No,No,Intel,1.6,Core i5 8250U,1024,0,HDD,No,AMD,Radeon 530,Budget,1024,0,0,Intel,0,1,194.0
Fujitsu,LifeBook A557,Notebook,15.6,8,Windows 10,2.2,799.0,Standard,1366,768,No,No,No,Intel,2.5,Core i5 7200U,256,0,SSD,No,Intel,HD Graphics 620,Budget,256,1,0,Intel,0,0,99.875
HP,EliteBook 850,Notebook,15.6,4,Windows 7,1.88,932.0,Standard,1366,768,No,No,No,Intel,2.3,Core i5 6200U,500,0,HDD,No,Intel,HD Graphics 520,Mid-Range,500,0,0,Intel,0,0,233.0
Lenovo,IdeaPad 320-15IKB,Notebook,15.6,8,Windows 10,2.2,899.0,Full HD,1920,1080,No,No,No,Intel,2.7,Core i7 7500U,1024,0,HDD,No,Nvidia,GeForce 920MX,Mid-Range,1024,0,0,Intel,0,1,112.375
Mediacom,SmartBook 140,Notebook,14.0,2,Windows 10,1.4,239.0,Full HD,1920,1080,No,No,No,Intel,1.44,Atom x5-Z8350,32,0,Flash Storage,No,Intel,HD Graphics,Budget,32,0,0,Intel,1,1,119.5
Lenovo,IdeaPad 320-15IKBN,Notebook,15.6,4,No OS,2.2,468.0,Full HD,1920,1080,No,No,No,Intel,2.5,Core i5 7200U,128,0,SSD,No,Intel,HD Graphics 620,Budget,128,1,0,Intel,0,1,117.0
Asus,Q304UA-BHI5T11 (i5-7200U/6GB/1TB/FHD/W10),2 in 1 Convertible,13.3,6,Windows 10,1.5,639.01,Full HD,1920,1080,Yes,No,No,Intel,2.5,Core i5 7200U,1024,0,HDD,No,Intel,HD Graphics 620,Budget,1024,0,0,Intel,1,1,106.50166666666667
Dell,XPS 15,Notebook,15.6,8,Windows 10,2.0,1820.0,Full HD,1920,1080,No,No,No,Intel,2.8,Core i7 7700HQ,256,0,SSD,No,Nvidia,GeForce GTX 1050,Premium,256,1,0,Intel,0,1,227.5
Asus,ZenBook 3,Ultrabook,14.0,16,Windows 10,1.1,1900.0,Full HD,1920,1080,No,No,No,Intel,2.7,Core i7 7500U,512,0,SSD,No,Intel,HD Graphics 620,Premium,512,1,1,Intel,1,1,118.75
Dell,Inspiron 7567,Gaming,15.6,16,Windows 10,2.62,1479.0,Full HD,1920,1080,No,No,No,Intel,2.8,Core i7 7700HQ,256,1024,SSD,HDD,Nvidia,GeForce GTX 1050 Ti,Mid-Range,1280,1,1,Intel,0,1,92.4375
Lenovo,V330-15IKB (i5-8250U/4GB/256GB/FHD/W10),Notebook,15.6,4,Windows 10,1.8,829.0,Full HD,1920,1080,No,No,No,Intel,1.6,Core i5 8250U,256,0,SSD,No,Intel,UHD Graphics 620,Mid-Range,256,1,0,Intel,1,1,207.25
Lenovo,Ideapad 320-15ISK,Notebook,15.6,4,Windows 10,2.2,579.0,Full HD,1920,1080,No,No,No,Intel,2.0,Core i3 6006U,1024,0,HDD,No,Nvidia,GeForce 920MX ,Budget,1024,0,0,Intel,0,1,144.75
Asus,X541NA-GO414T (N3350/8GB/1TB/W10),Notebook,15.6,8,Windows 10,2.0,399.0,Standard,1366,768,No,No,No,Intel,1.1,Celeron Dual Core N3350,1024,0,HDD,No,Intel,HD Graphics 500,Budget,1024,0,0,Intel,0,0,49.875
Asus,VivoBook Pro,Notebook,15.6,8,Windows 10,1.99,906.62,Full HD,1920,1080,No,No,No,Intel,2.5,Core i5 7300HQ,1024,0,HDD,No,Nvidia,GeForce GTX 1050,Mid-Range,1024,0,0,Intel,0,1,113.3275
Dell,XPS 13,Ultrabook,13.3,8,Windows 10,1.23,1869.0,Quad HD+,3200,1800,Yes,No,No,Intel,1.6,Core i5 8250U,256,0,SSD,No,Intel,UHD Graphics 620,Premium,256,1,0,Intel,1,1,233.625
Lenovo,IdeaPad 100S-14IBR,Notebook,14.0,2,Windows 10,1.42,249.0,Standard,1366,768,No,No,No,Intel,1.6,Celeron Dual Core N3060,32,0,Flash Storage,No,Intel,HD Graphics 400,Budget,32,0,0,Intel,1,0,124.5
Lenovo,Thinkpad Yoga,2 in 1 Convertible,13.3,8,Windows 10,1.37,1757.42,Full HD,1920,1080,Yes,Yes,No,Intel,2.7,Core i7 7500U,256,0,SSD,No,Intel,HD Graphics 620,Premium,256,1,0,Intel,1,1,219.6775
Dell,XPS 15,Notebook,15.6,16,Windows 10,2.06,2399.0,4K Ultra HD,3840,2160,Yes,No,No,Intel,2.8,Core i7 7700HQ,1024,0,SSD,No,Nvidia,GeForce GTX 1050,Premium,1024,1,1,Intel,0,1,149.9375
Lenovo,Legion Y520-15IKBN,Gaming,15.6,8,Windows 10,2.5,1109.0,Full HD,1920,1080,No,Yes,No,Intel,2.8,Core i7 7700HQ,128,1024,SSD,HDD,Nvidia,GeForce GTX 1050M,Mid-Range,1152,1,0,Intel,0,1,138.625
HP,17-AK091ND (A9-9420/8GB/1TB/W10),Notebook,17.0,8,Windows 10,2.6,520.9,Standard,1600,900,No,No,No,AMD,3.0,A9-Series 9420,1024,0,HDD,No,AMD,Radeon R5,Budget,1024,0,0,AMD,0,0,65.1125
Lenovo,ThinkPad X1,Ultrabook,14.0,16,Windows 10,1.14,2450.0,Full HD,1920,1080,No,Yes,No,Intel,2.7,Core i7 7500U,512,0,SSD,No,Intel,HD Graphics 620,Premium,512,1,1,Intel,1,1,153.125
Asus,ROG GL553VE-FY022,Gaming,15.6,8,No OS,2.5,1169.0,Full HD,1920,1080,No,Yes,No,Intel,2.8,Core i7 7700HQ,1024,0,HDD,No,Nvidia,GeForce GTX 1050 Ti,Mid-Range,1024,0,0,Intel,0,1,146.125
Acer,Extensa EX2540,Notebook,15.6,4,Windows 10,2.4,450.0,Standard,1366,768,No,No,No,Intel,2.0,Core i3 6006U,500,0,HDD,No,Intel,HD Graphics 520,Budget,500,0,0,Intel,0,0,112.5
Lenovo,IdeaPad 100S-14IBR,Notebook,14.0,4,Windows 10,1.43,274.0,Standard,1366,768,No,No,No,Intel,1.6,Celeron Dual Core N3060,32,0,Flash Storage,No,Intel,HD Graphics,Budget,32,0,0,Intel,1,0,68.5
Acer,Swift 3,Ultrabook,14.0,8,Windows 10,1.8,919.0,Full HD,1920,1080,No,Yes,No,Intel,2.5,Core i5 7200U,256,0,SSD,No,Intel,Graphics 620,Mid-Range,256,1,0,Intel,1,1,114.875
Razer,Blade Pro,Gaming,14.0,16,Windows 10,1.95,2599.0,Full HD,1920,1080,No,No,No,Intel,2.8,Core i7 7700HQ,256,0,SSD,No,Nvidia,GeForce GTX 1060,Premium,256,1,1,Intel,0,1,162.4375
Toshiba,Portege Z30-C-16J,Notebook,13.3,8,Windows 10,1.2,1213.0,Full HD,1920,1080,No,No,No,Intel,2.3,Core i5 6200U,256,0,SSD,No,Intel,HD Graphics 520,Mid-Range,256,1,0,Intel,1,1,151.625
Lenovo,Thinkpad X270,Ultrabook,12.5,8,Windows 10,1.36,1584.0,Full HD,1920,1080,No,Yes,No,Intel,2.7,Core i7 7500U,256,0,SSD,No,Intel,HD Graphics 620,Premium,256,1,0,Intel,1,1,198.0
Asus,ROG G701VI,Gaming,17.3,32,Windows 10,3.8,2799.0,Full HD,1920,1080,No,Yes,No,Intel,2.7,Core i7 6820HK,512,0,SSD,No,Nvidia,GeForce GTX 1080,Premium,512,1,1,Intel,0,1,87.46875
Acer,A715-71G-59DH (i5-7300HQ/8GB/1TB/GeForce,Gaming,15.6,8,Linux,2.4,709.0,Full HD,1920,1080,No,No,No,Intel,2.5,Core i5 7300HQ,1024,0,HDD,No,Nvidia,GeForce GTX 1050,Budget,1024,0,0,Intel,0,1,88.625
Dell,XPS 13,Ultrabook,13.3,8,Windows 10,1.2,1449.9,Full HD,1920,1080,No,No,No,Intel,1.6,Core i5 8250U,256,0,SSD,No,Intel,UHD Graphics 620,Mid-Range,256,1,0,Intel,1,1,181.2375
MSI,GL62M 7REX,Gaming,15.6,8,Windows 10,2.2,1191.8,Full HD,1920,1080,No,No,No,Intel,2.8,Core i7 7700HQ,128,1024,SSD,HDD,Nvidia,GeForce GTX 1050 Ti,Mid-Range,1152,1,0,Intel,0,1,148.975
HP,250 G6,Notebook,15.6,4,No OS,1.86,364.9,Standard,1366,768,No,No,No,Intel,2.0,Core i3 6006U,500,0,HDD,No,Intel,HD Graphics 520,Budget,500,0,0,Intel,0,0,91.225
Toshiba,Tecra A50-D-11M,Notebook,15.6,8,Windows 10,2.0,1064.0,Full HD,1920,1080,No,Yes,No,Intel,2.5,Core i5 7200U,500,0,HDD,No,Intel,HD Graphics 620,Mid-Range,500,0,0,Intel,0,1,133.0
Dell,Inspiron 5570,Notebook,15.6,8,Windows 10,2.2,919.0,Full HD,1920,1080,No,No,No,Intel,1.8,Core i7 8550U,256,0,SSD,No,AMD,Radeon 530,Mid-Range,256,1,0,Intel,0,1,114.875
Dell,Inspiron 5570,Notebook,15.6,16,Windows 10,2.2,1135.0,Full HD,1920,1080,No,No,No,Intel,1.8,Core i7 8550U,256,2048,SSD,HDD,AMD,Radeon 530,Mid-Range,2304,1,1,Intel,0,1,70.9375
Lenovo,IdeaPad Y700-15ISK,Gaming,15.6,8,Windows 10,3.31,1196.0,Full HD,1920,1080,No,Yes,No,Intel,2.6,Core i7 6700HQ,128,1024,SSD,HDD,Nvidia,GeForce GTX 960,Mid-Range,1152,1,0,Intel,0,1,149.5
Dell,Alienware 17,Gaming,17.3,32,Windows 10,4.42,3147.37,4K Ultra HD,3840,2160,No,Yes,No,Intel,2.8,Core i7 7700HQ,512,1024,SSD,HDD,Nvidia,GeForce GTX 1070,,1536,1,1,Intel,0,1,98.3553125
Dell,Latitude E7470,Notebook,14.0,8,Windows 10,1.56,1229.0,Full HD,1920,1080,No,No,No,Intel,2.4,Core i5 6300U,256,0,SSD,No,Intel,HD Graphics 520,Mid-Range,256,1,0,Intel,1,1,153.625
Lenovo,Ideapad 320-15IAP,Notebook,15.6,4,Windows 10,2.2,419.0,Standard,1366,768,No,No,No,Intel,1.1,Celeron Dual Core N3350,500,0,HDD,No,Intel,HD Graphics 500,Budget,500,0,0,Intel,0,0,104.75
Lenovo,IdeaPad 320-15ISK,Notebook,15.6,4,Windows 10,2.2,535.0,Full HD,1920,1080,No,No,No,Intel,2.3,Core i5 6200U,500,0,HDD,No,Intel,HD Graphics 520,Budget,500,0,0,Intel,0,1,133.75
HP,15-ay047nv (i3-6006U/6GB/1TB/Radeon,Notebook,15.6,6,Windows 10,2.04,539.0,Standard,1920,1080,No,No,No,Intel,2.0,Core i3 6006U,1024,0,HDD,No,AMD,Radeon R5 M430,Budget,1024,0,0,Intel,0,1,89.83333333333333
MSI,GP72VR Leopard,Gaming,17.3,8,Windows 10,2.7,1486.77,Full HD,1920,1080,No,No,No,Intel,2.8,Core i7 7700HQ,128,1024,SSD,HDD,Nvidia,GeForce GTX 1060,Mid-Range,1152,1,0,Intel,0,1,185.84625
Toshiba,Satellite Pro,Notebook,15.6,4,Windows 10,2.1,498.0,Standard,1366,768,No,No,No,Intel,2.1,Core i3 6100U,128,0,SSD,No,Intel,HD Graphics 520,Budget,128,1,0,Intel,0,0,124.5
Dell,Latitude 3580,Notebook,15.6,8,Windows 10,2.06,955.0,Full HD,1920,1080,No,No,No,Intel,2.5,Core i5 7200U,1024,0,HDD,No,Intel,HD Graphics 620,Mid-Range,1024,0,0,Intel,0,1,119.375
HP,15-bs012nv (i7-7500U/8GB/1TB/Radeon,Notebook,15.6,8,Windows 10,2.1,745.0,Full HD,1920,1080,No,No,No,Intel,2.7,Core i7 7500U,1024,0,HDD,No,AMD,Radeon 530,Budget,1024,0,0,Intel,0,1,93.125
Toshiba,Tecra Z50-D-10E,Notebook,15.6,8,Windows 10,2.0,1258.0,Full HD,1920,1080,No,Yes,No,Intel,2.5,Core i5 7200U,256,0,SSD,No,Intel,HD Graphics 620,Mid-Range,256,1,0,Intel,0,1,157.25
Acer,Aspire 3,Notebook,15.6,4,Linux,2.1,412.0,Standard,1366,768,No,No,No,Intel,2.0,Core i3 6006U,128,0,SSD,No,Intel,HD Graphics 520,Budget,128,1,0,Intel,0,0,103.0
Microsoft,Surface Laptop,Ultrabook,13.5,8,Windows 10 S,1.252,1867.85,Standard,2256,1504,Yes,No,No,Intel,2.8,Core i7 7600U,256,0,SSD,No,Intel,Iris Plus Graphics 640,Premium,256,1,0,Intel,1,1,233.48125
Lenovo,V310-15ISK (i5-7200U/8GB/1TB,Notebook,15.6,8,Windows 10,1.9,817.95,Full HD,1920,1080,No,No,No,Intel,2.5,Core i5 7200U,128,1024,SSD,HDD,AMD,Radeon R5 M430,Mid-Range,1152,1,0,Intel,0,1,102.24375
Lenovo,Yoga 720-13IKB,2 in 1 Convertible,13.3,8,Windows 10,1.3,1034.0,Full HD,1920,1080,Yes,Yes,No,Intel,2.5,Core i5 7200U,256,0,SSD,No,Intel,HD Graphics 620,Mid-Range,256,1,0,Intel,1,1,129.25
Lenovo,IdeaPad 320-15AST,Notebook,15.6,4,Windows 10,2.2,349.0,Standard,1366,768,No,No,No,AMD,2.2,E-Series E2-9000,128,0,SSD,No,AMD,Radeon R2 Graphics,Budget,128,1,0,AMD,0,0,87.25
HP,Pavilion X360,2 in 1 Convertible,14.0,4,Windows 10,1.63,699.0,Full HD,1920,1080,Yes,Yes,No,Intel,2.4,Core i3 7100U,128,0,SSD,No,Nvidia,GeForce 940MX,Budget,128,1,0,Intel,1,1,174.75
MSI,GP62 7RDX,Gaming,15.6,16,Windows 10,2.4,1294.0,Full HD,1920,1080,No,No,No,Intel,2.8,Core i7 7700HQ,256,1024,SSD,HDD,Nvidia,GeForce GTX 1050,Mid-Range,1280,1,1,Intel,0,1,80.875
Asus,Zenbook 3,Ultrabook,14.0,8,Windows 10,1.1,1135.0,Full HD,1920,1080,No,No,No,Intel,2.5,Core i5 7200U,256,0,SSD,No,Intel,HD Graphics 620,Mid-Range,256,1,0,Intel,1,1,141.875
HP,Chromebook X360,2 in 1 Convertible,11.6,8,Chrome OS,1.4,495.0,Standard,1366,768,Yes,No,No,Intel,1.1,Celeron Dual Core N3350,64,0,Flash Storage,No,Intel,HD Graphics 500,Budget,64,0,0,Intel,1,0,61.875
LG,Gram 15Z975,Ultrabook,15.6,8,Windows 10,1.09,2299.0,Full HD,1920,1080,No,Yes,No,Intel,1.8,Core i7 8550U,512,0,SSD,No,Intel,HD Graphics 620,Premium,512,1,0,Intel,1,1,287.375
Acer,Aspire VX5-591G,Gaming,15.6,16,Windows 10,2.5,1299.0,Full HD,1920,1080,No,No,No,Intel,2.5,Core i5 7300HQ,256,0,SSD,No,Nvidia,GeForce GTX 1050 Ti,Mid-Range,256,1,1,Intel,0,1,81.1875
MSI,GV62M 7RD,Gaming,15.6,8,Windows 10,2.2,997.9,Full HD,1920,1080,No,No,No,Intel,2.5,Core i5 7300HQ,256,0,SSD,No,Nvidia,GeForce GTX 1050,Mid-Range,256,1,0,Intel,0,1,124.7375
Asus,L502NA-GO052T (N3350/4GB/128GB/W10),Notebook,15.6,4,Windows 10,1.86,419.0,Standard,1366,768,No,No,No,Intel,1.1,Celeron Dual Core N3350,128,0,SSD,No,Intel,HD Graphics 500,Budget,128,1,0,Intel,0,0,104.75
Dell,Alienware 15,Gaming,15.6,16,Windows 10,3.21,2051.0,Full HD,1920,1080,No,No,No,Intel,2.5,Core i5 7300HQ,128,1024,SSD,HDD,Nvidia,GeForce GTX 1060,Premium,1152,1,1,Intel,0,1,128.1875
HP,17-bs000nv I3,Notebook,17.3,4,Windows 10,2.5,699.0,Full HD,1920,1080,No,Yes,No,Intel,2.0,Core i3 6006U,256,0,SSD,No,AMD,Radeon R5 520,Budget,256,1,0,Intel,0,1,174.75
Lenovo,Yoga 730,2 in 1 Convertible,13.3,8,Windows 10,1.19,1499.0,Full HD,1920,1080,Yes,Yes,No,Intel,1.8,Core i7 8550U,512,0,SSD,No,Intel,UHD Graphics 620,Mid-Range,512,1,0,Intel,1,1,187.375
Dell,Alienware 15,Gaming,15.6,16,Windows 10,3.49,2813.75,Full HD,1920,1080,No,No,No,Intel,2.9,Core i7 7820HK,256,1024,SSD,HDD,Nvidia,GeForce GTX 1070,Premium,1280,1,1,Intel,0,1,175.859375
HP,250 G6,Notebook,15.6,4,Windows 10,1.86,612.61,Standard,1366,768,No,No,No,Intel,2.5,Core i5 7200U,500,0,HDD,No,AMD,Radeon 520,Budget,500,0,0,Intel,0,0,153.1525
Dell,Inspiron 3567,Notebook,15.6,4,Windows 10,2.2,545.67,Standard,1366,768,No,No,No,Intel,2.0,Core i3 6006U,1024,0,HDD,No,AMD,Radeon R5 M430,Budget,1024,0,0,Intel,0,0,136.4175
HP,17-Y002nv (A10-9600P/6GB/2TB/Radeon,Notebook,17.3,6,Windows 10,2.65,569.0,Full HD,1920,1080,No,Yes,No,AMD,2.4,A10-Series 9600P,2048,0,HDD,No,AMD,Radeon R7 M440,Budget,2048,0,0,AMD,0,1,94.83333333333333
Lenovo,V110-15ISK (3855U/4GB/500GB/W10),Notebook,15.6,4,Windows 10,2.1,318.0,Standard,1366,768,No,No,No,Intel,1.6,Celeron Dual Core 3855U,500,0,HDD,No,Intel,HD Graphics 510,Budget,500,0,0,Intel,0,0,79.5
Acer,Chromebook 14,Notebook,14.0,4,Chrome OS,1.45,375.0,Standard,1366,768,No,No,No,Intel,1.6,Celeron Dual Core 3855U,32,0,Flash Storage,No,Intel,HD Graphics 510,Budget,32,0,0,Intel,1,0,93.75
Lenovo,IdeaPad 520s-14IKB,Notebook,14.0,4,Windows 10,1.7,699.0,Full HD,1920,1080,No,No,No,Intel,2.5,Core i5 7200U,256,0,SSD,No,Intel,HD Graphics 620,Budget,256,1,0,Intel,1,1,174.75
HP,ZBook 17,Workstation,17.3,8,Windows 10,3.14,1907.99,Full HD,1920,1080,No,No,No,Intel,2.8,Core i7 7700HQ,500,0,HDD,No,Nvidia,Quadro M1200,Premium,500,0,0,Intel,0,1,238.49875
Lenovo,ThinkPad X1,2 in 1 Convertible,14.0,8,Windows 10,1.42,2590.0,Standard,2560,1440,Yes,No,No,Intel,2.7,Core i7 7500U,256,0,SSD,No,Intel,HD Graphics 620,Premium,256,1,0,Intel,1,1,323.75
Toshiba,Satellite Pro,Notebook,13.3,8,Windows 10,1.5,973.0,Full HD,1920,1080,No,Yes,No,Intel,2.5,Core i5 7200U,256,0,SSD,No,Intel,HD Graphics 620,Mid-Range,256,1,0,Intel,1,1,121.625
Acer,TravelMate B117-M,Netbook,11.6,4,Windows 10,1.4,269.0,Standard,1366,768,No,No,No,Intel,1.6,Celeron Dual Core N3050,32,0,Flash Storage,No,Intel,HD Graphics,Budget,32,0,0,Intel,1,0,67.25
Lenovo,Yoga 910-13IKB,2 in 1 Convertible,14.0,16,Windows 10,1.38,1749.0,Full HD,1920,1080,Yes,No,No,Intel,2.7,Core i7 7500U,512,0,SSD,No,Intel,HD Graphics 620,Premium,512,1,1,Intel,1,1,109.3125
Asus,Chromebook Flip,2 in 1 Convertible,12.5,4,Chrome OS,1.2,669.0,Full HD,1920,1080,Yes,No,No,Intel,0.9,Core M M3-6Y30,64,0,Flash Storage,No,Intel,HD Graphics 515,Budget,64,0,0,Intel,1,1,167.25
Toshiba,Portege Z30T-C-133,Ultrabook,13.3,16,Windows 10,1.36,1877.0,Full HD,1920,1080,Yes,No,No,Intel,2.5,Core i7 6500U,512,0,SSD,No,Intel,HD Graphics 520,Premium,512,1,1,Intel,1,1,117.3125
HP,15-bs011nv (i7-7500U/4GB/500GB/Radeon,Notebook,15.6,4,Windows 10,2.1,689.0,Full HD,1920,1080,No,Yes,No,Intel,2.7,Core i7 7500U,500,0,HDD,No,AMD,Radeon 530,Budget,500,0,0,Intel,0,1,172.25
Dell,Inspiron 5577,Gaming,15.6,8,Windows 10,2.56,819.0,Full HD,1920,1080,No,No,No,Intel,2.5,Core i5 7300HQ,1024,0,HDD,No,Nvidia,GeForce GTX 1050,Mid-Range,1024,0,0,Intel,0,1,102.375
Lenovo,IdeaPad 320-15AST,Notebook,15.6,4,Windows 10,2.2,399.0,Full HD,1920,1080,No,No,No,AMD,2.9,A9-Series 9420,256,0,SSD,No,AMD,Radeon 530,Budget,256,1,0,AMD,0,1,99.75
Lenovo,IdeaPad 320-15ABR,Notebook,15.6,8,Windows 10,2.2,429.0,Standard,1366,768,No,No,No,AMD,3.6,A12-Series 9720P,1024,0,HDD,No,AMD,Radeon R7,Budget,1024,0,0,AMD,0,0,53.625
Lenovo,V310-15IKB (i5-7200U/4GB/1TB/FHD/W10),Notebook,15.6,4,Windows 10,2.1,621.45,Full HD,1920,1080,No,No,No,Intel,2.5,Core i5 7200U,1024,1024,HDD,HDD,Intel,HD Graphics 620,Budget,2048,0,0,Intel,0,1,155.3625
Lenovo,V310-15ISK (i3-6006U/4GB/500GB/No,Notebook,15.6,4,No OS,1.9,450.0,Standard,1366,768,No,No,No,Intel,2.0,Core i3 6006U,500,0,HDD,No,Intel,HD Graphics 520,Budget,500,0,0,Intel,0,0,112.5
Dell,Vostro 5568,Notebook,15.6,8,Windows 10,2.18,795.0,Full HD,1920,1080,No,No,No,Intel,2.5,Core i5 7200U,256,0,SSD,No,Intel,HD Graphics 620,Budget,256,1,0,Intel,0,1,99.375
Acer,Spin 5,2 in 1 Convertible,13.3,8,Windows 10,1.6,999.0,Full HD,1920,1080,Yes,Yes,No,Intel,1.6,Core i5 8250U,256,0,SSD,No,Intel,UHD Graphics 620,Mid-Range,256,1,0,Intel,1,1,124.875
Lenovo,ThinkPad P51s,Workstation,15.6,16,Windows 7,2.18,1855.0,Full HD,1920,1080,No,No,No,Intel,2.5,Core i7 6500U,512,0,SSD,No,Nvidia,Quadro M520M,Premium,512,1,1,Intel,0,1,115.9375
Lenovo,Thinkpad T460p,Notebook,14.0,8,Windows 10,1.8,1191.0,Full HD,1920,1080,No,No,No,Intel,2.3,Core i5 6300HQ,256,0,SSD,No,Intel,HD Graphics 520,Mid-Range,256,1,0,Intel,1,1,148.875
HP,17-ak002nv (A10-9620P/6GB/2TB/Radeon,Notebook,17.3,6,Windows 10,2.71,655.01,Full HD,1920,1080,No,Yes,No,AMD,2.5,A10-Series 9620P,2048,0,HDD,No,AMD,Radeon 530,Budget,2048,0,0,AMD,0,1,109.16833333333334
Lenovo,Legion Y520-15IKBN,Gaming,15.6,8,Windows 10,2.5,1249.0,Full HD,1920,1080,No,Yes,No,Intel,2.8,Core i7 7700HQ,128,1024,SSD,HDD,Nvidia,GeForce GTX 1050 Ti,Mid-Range,1152,1,0,Intel,0,1,156.125
Dell,Latitude 5480,Notebook,14.0,8,Linux,1.64,1089.0,Full HD,1920,1080,No,No,No,Intel,2.8,Core i5 7440HQ,256,0,SSD,No,Nvidia,GeForce 930MX,Mid-Range,256,1,0,Intel,1,1,136.125
Dell,Vostro 5568,Notebook,15.6,8,Linux,1.98,726.0,Full HD,1920,1080,No,No,No,Intel,2.5,Core i5 7200U,1024,0,HDD,No,Intel,HD Graphics 620,Budget,1024,0,0,Intel,0,1,90.75
Asus,VivoBook E403NA,Notebook,14.0,4,Windows 10,1.5,298.0,Full HD,1920,1080,No,No,No,Intel,1.1,Celeron Dual Core N3350,32,0,Flash Storage,No,Intel,HD Graphics 500,Budget,32,0,0,Intel,1,1,74.5
Dell,Latitude 5580,Notebook,15.6,16,Windows 10,1.93,1426.66,Full HD,1920,1080,No,No,No,Intel,2.6,Core i5 7300U,512,0,SSD,No,Intel,HD Graphics 620,Mid-Range,512,1,1,Intel,0,1,89.16625
Lenovo,Thinkpad E470,Notebook,14.0,8,Windows 10,1.87,857.07,Full HD,1920,1080,No,Yes,No,Intel,2.5,Core i5 7200U,256,0,SSD,No,Nvidia,GeForce 920MX,Mid-Range,256,1,0,Intel,0,1,107.13375
Dell,Latitude 5580,Notebook,15.6,8,Windows 10,1.9,1179.0,Full HD,1920,1080,No,No,No,Intel,2.6,Core i5 7300U,256,0,SSD,No,Intel,HD Graphics 620,Mid-Range,256,1,0,Intel,0,1,147.375
Lenovo,110-15ACL (A6-7310/4GB/500GB/W10),Notebook,15.6,4,Windows 10,2.19,298.0,Standard,1366,768,No,No,No,AMD,2.0,A6-Series 7310,500,0,HDD,No,AMD,Radeon R4,Budget,500,0,0,AMD,0,0,74.5
Mediacom,Smartbook 142,Notebook,14.0,4,Windows 10,1.4,265.0,Full HD,1920,1200,No,Yes,No,Intel,1.92,Atom Z8350,32,0,HDD,No,Intel,HD Graphics 400,Budget,32,0,0,Intel,1,1,66.25
HP,ProBook 470,Notebook,17.3,8,Windows 10,2.63,1200.0,Full HD,1920,1080,No,No,No,Intel,2.7,Core i7 7500U,256,0,SSD,No,Nvidia,GeForce 930MX,Mid-Range,256,1,0,Intel,0,1,150.0
Lenovo,ThinkPad X1,Ultrabook,14.0,8,Windows 10,1.17,1686.64,Quad HD+,2560,1440,No,Yes,No,Intel,2.5,Core i7 6500U,512,0,SSD,No,Intel,HD Graphics 520,Premium,512,1,0,Intel,1,1,210.83
HP,Pavilion X360,2 in 1 Convertible,13.3,8,Windows 10,1.58,836.6,Standard,1366,768,Yes,Yes,No,Intel,2.5,Core i5 7200U,256,0,SSD,No,Intel,HD Graphics 620,Mid-Range,256,1,0,Intel,1,0,104.575
Lenovo,ThinkPad T470s,Ultrabook,14.0,8,Windows 10,1.32,1499.0,Full HD,1920,1080,No,Yes,No,Intel,2.5,Core i5 7200U,256,0,SSD,No,Intel,HD Graphics 620,Mid-Range,256,1,0,Intel,1,1,187.375
Dell,Alienware 17,Gaming,17.3,32,Windows 10,4.36,3659.4,4K Ultra HD,3840,2160,No,No,No,Intel,2.8,Core i7 7700HQ,1024,1024,SSD,HDD,Nvidia,GeForce GTX 1070,,2048,1,1,Intel,0,1,114.35625
MSI,GL72M 7REX,Gaming,17.3,8,Windows 10,2.7,1348.48,Full HD,1920,1080,No,No,No,Intel,2.8,Core i7 7700HQ,128,1024,SSD,HDD,Nvidia,GeForce GTX 1050 Ti,Mid-Range,1152,1,0,Intel,0,1,168.56
Lenovo,V310-15IKB (i5-7200U/4GB/1TB/No,Notebook,15.6,4,No OS,1.9,489.9,Standard,1366,768,No,No,No,Intel,2.5,Core i5 7200U,1024,0,HDD,No,Intel,HD Graphics 620,Budget,1024,0,0,Intel,0,0,122.475
Dell,Inspiron 5570,Notebook,15.6,8,Windows 10,2.2,719.0,Full HD,1920,1080,No,No,No,Intel,1.6,Core i5 8250U,128,1024,SSD,HDD,AMD,Radeon 530,Budget,1152,1,0,Intel,0,1,89.875
Dell,Inspiron 5378,2 in 1 Convertible,13.3,4,Windows 10,1.71,649.0,Full HD,1920,1080,Yes,No,No,Intel,2.4,Core i3 7100U,1024,0,HDD,No,Intel,HD Graphics 620,Budget,1024,0,0,Intel,1,1,162.25
Dell,Inspiron 5567,Notebook,15.6,8,Linux,2.32,589.52,Standard,1366,768,No,No,No,Intel,2.5,Core i5 7200U,1024,0,HDD,No,AMD,Radeon R7 M445,Budget,1024,0,0,Intel,0,0,73.69
HP,15-BW037na (A9-9420/4GB/1TB/Radeon,Notebook,15.6,4,Windows 10,2.1,489.0,Full HD,1920,1080,No,No,No,AMD,3.0,A9-Series 9420,1024,0,HDD,No,AMD,Radeon 520,Budget,1024,0,0,AMD,0,1,122.25
Acer,Predator 17,Gaming,17.3,16,Windows 10,4.2,1935.0,Full HD,1920,1080,No,Yes,No,Intel,2.6,Core i7 6700HQ,128,1024,SSD,HDD,Nvidia,GeForce GTX 1060,Premium,1152,1,1,Intel,0,1,120.9375
Dell,Inspiron 3567,Notebook,15.6,12,Windows 10,2.25,649.0,Standard,1366,768,No,No,No,Intel,2.5,Core i5 7200U,1024,0,HDD,No,Intel,HD Graphics 620,Budget,1024,0,0,Intel,0,0,54.083333333333336
HP,15-BW091ND (A9-9420/6GB/1TB,Notebook,15.6,6,Windows 10,2.1,650.0,Full HD,1920,1080,No,No,No,AMD,3.0,A9-Series A9-9420,128,1024,SSD,HDD,AMD,Radeon 520,Budget,1152,1,0,AMD,0,1,108.33333333333333
Acer,Extensa EX2540-58KR,Notebook,15.6,4,Windows 10,2.4,559.0,Standard,1366,768,No,No,No,Intel,2.5,Core i5 7200U,500,0,HDD,No,Intel,HD Graphics 620,Budget,500,0,0,Intel,0,0,139.75
Lenovo,ThinkPad 13,Notebook,13.3,8,Windows 10,1.44,960.0,Full HD,1920,1080,No,Yes,No,Intel,2.5,Core i5 7200U,256,0,SSD,No,Intel,HD Graphics 620,Mid-Range,256,1,0,Intel,1,1,120.0
Lenovo,V310-15IKB (i7-7500U/4GB/1TB/FHD/W10),Notebook,15.6,4,Windows 10,1.85,779.0,Full HD,1920,1080,No,No,No,Intel,2.7,Core i7 7500U,1024,0,HDD,No,Intel,HD Graphics 620,Budget,1024,0,0,Intel,0,1,194.75
HP,ZBook 15,Workstation,15.6,16,Windows 10,2.6,2419.0,Full HD,1920,1080,No,No,No,Intel,2.8,Core i7 7700HQ,256,0,SSD,No,Nvidia,Quadro M2200,Premium,256,1,1,Intel,0,1,151.1875
Dell,Inspiron 5379,2 in 1 Convertible,13.3,8,Windows 10,1.55,659.0,Full HD,1920,1080,Yes,No,No,Intel,1.6,Core i5 8250U,1024,0,HDD,No,Intel,UHD Graphics 620,Budget,1024,0,0,Intel,1,1,82.375
MSI,GS63VR 7RF,Gaming,15.6,16,Windows 10,1.8,2094.48,Full HD,1920,1080,No,No,No,Intel,2.8,Core i7 7700HQ,256,1024,SSD,HDD,Nvidia,GeForce GTX 1060,Premium,1280,1,1,Intel,1,1,130.905
Acer,Aspire ES1-572,Notebook,15.6,4,Windows 10,2.4,410.8,Standard,1366,768,No,No,No,Intel,2.0,Core i3 6006U,500,0,HDD,No,Intel,HD Graphics 520,Budget,500,0,0,Intel,0,0,102.7
Dell,Inspiron 7560,Notebook,15.6,8,Windows 10,2.0,1207.0,Full HD,1920,1080,No,No,No,Intel,2.7,Core i7 7500U,128,1024,SSD,HDD,Nvidia,GeForce 940MX,Mid-Range,1152,1,0,Intel,0,1,150.875
Dell,Vostro 3568,Notebook,15.6,8,Windows 10,2.0,665.0,Standard,1366,768,No,No,No,Intel,2.0,Core i3 6006U,256,0,SSD,No,Intel,HD Graphics 520,Budget,256,1,0,Intel,0,0,83.125
Toshiba,Tecra X40-D-10G,Notebook,14.0,8,Windows 10,1.25,1535.0,Full HD,1920,1080,Yes,Yes,No,Intel,2.5,Core i5 7200U,256,0,SSD,No,Intel,HD Graphics 620,Premium,256,1,0,Intel,1,1,191.875
Lenovo,Flex 5,2 in 1 Convertible,14.0,8,Windows 10,1.7,999.0,Full HD,1920,1080,Yes,No,No,Intel,2.5,Core i5 7200U,256,0,SSD,No,Intel,HD Graphics 620,Mid-Range,256,1,0,Intel,1,1,124.875
Lenovo,Thinkpad P51s,Workstation,15.6,16,Windows 10,2.5,3299.0,4K Ultra HD,3840,2160,No,Yes,No,Intel,2.8,Core i7 7600U,1024,0,SSD,No,Nvidia,Quadro M520M,,1024,1,1,Intel,0,1,206.1875
Acer,Chromebook 14,Notebook,14.0,2,Chrome OS,1.68,330.0,Standard,1366,768,No,No,No,Intel,1.6,Celeron Dual Core N3060,32,0,Flash Storage,No,Intel,HD Graphics 400,Budget,32,0,0,Intel,1,0,165.0
Samsung,Notebook 9,Ultrabook,13.3,16,Windows 10,0.81,1649.0,Full HD,1920,1080,No,No,No,Intel,2.7,Core i7 7500U,256,0,SSD,No,Intel,HD Graphics 620,Premium,256,1,1,Intel,1,1,103.0625
HP,250 G6,Notebook,15.6,8,Windows 10,1.86,539.0,Full HD,1920,1080,No,No,No,Intel,2.0,Core i3 6006U,256,0,SSD,No,Intel,HD Graphics 520,Budget,256,1,0,Intel,0,1,67.375
Dell,Latitude 5480,Notebook,14.0,8,Windows 10,1.6,1126.71,Standard,1366,768,No,No,No,Intel,2.5,Core i5 7200U,256,0,SSD,No,Intel,HD Graphics 620,Mid-Range,256,1,0,Intel,1,0,140.83875
HP,Zbook 17,Workstation,17.3,16,Windows 7,3.0,4389.0,Full HD,1920,1080,No,Yes,No,Intel,2.9,Xeon E3-1535M v5,256,0,SSD,No,Nvidia,Quadro M2000M,,256,1,1,Intel,0,1,274.3125
Lenovo,N23 (N3060/4GB/128GB/W10),Netbook,11.6,4,Windows 10,1.4,475.0,Standard,1366,768,Yes,No,No,Intel,1.6,Celeron Dual Core N3060,128,0,SSD,No,Intel,HD Graphics 400,Budget,128,1,0,Intel,1,0,118.75
HP,EliteBook 850,Notebook,15.6,8,Windows 10,1.84,1900.0,Full HD,1920,1080,No,No,No,Intel,2.4,Core i5 6300U,256,0,SSD,No,Intel,HD Graphics 520,Premium,256,1,0,Intel,0,1,237.5
Asus,X550VX-XX015D (i5-6300HQ/4GB/1TB/GeForce,Notebook,15.6,4,No OS,2.45,579.0,Standard,1366,768,No,No,No,Intel,2.3,Core i5 6300HQ,1024,0,HDD,No,Nvidia,GeForce GTX 950M,Budget,1024,0,0,Intel,0,0,144.75
Lenovo,Thinkpad T460,Ultrabook,14.0,4,Windows 10,1.7,1096.0,Full HD,1920,1080,No,No,No,Intel,2.3,Core i5 6200U,180,0,SSD,No,Intel,HD Graphics 520,Mid-Range,180,1,0,Intel,1,1,274.0
Asus,Pro P2540UA-XO0192R,Notebook,15.6,4,Windows 10,2.37,849.9,Standard,1366,768,No,No,No,Intel,2.7,Core i7 7500U,256,0,SSD,No,Intel,HD Graphics 620,Mid-Range,256,1,0,Intel,0,0,212.475
Lenovo,Yoga 900-13ISK,2 in 1 Convertible,13.3,8,Windows 10,1.3,1199.0,Quad HD+,3200,1800,Yes,Yes,No,Intel,1.8,Core i5 6260U,256,0,SSD,No,Intel,HD Graphics 540,Mid-Range,256,1,0,Intel,1,1,149.875
HP,15-cb003na (i5-7300HQ/8GB/1TB,Notebook,15.6,8,Windows 10,2.2,1099.0,Full HD,1920,1080,No,Yes,No,Intel,2.5,Core i5 7300HQ,128,1024,SSD,HDD,Nvidia,GeForce GTX 1050,Mid-Range,1152,1,0,Intel,0,1,137.375
HP,ZBook 15,Workstation,15.6,8,Windows 7,2.59,1561.0,Full HD,1920,1080,No,No,No,Intel,2.6,Core i7 6700HQ,256,0,SSD,No,Nvidia,Quadro M1000M,Premium,256,1,0,Intel,0,1,195.125
Dell,Alienware 17,Gaming,15.6,16,Windows 10,4.42,2868.99,4K Ultra HD,3840,2160,No,Yes,No,Intel,2.8,Core i7 7700HQ,256,1024,SSD,HDD,Nvidia,GeForce GTX 1070,Premium,1280,1,1,Intel,0,1,179.311875
Acer,Aspire 3,Notebook,15.6,4,Windows 10,2.1,599.0,Standard,1366,768,No,No,No,Intel,2.5,Core i5 7200U,256,0,SSD,No,Intel,HD Graphics 620,Budget,256,1,0,Intel,0,0,149.75
Lenovo,Legion Y520-15IKBN,Gaming,15.6,8,Windows 10,2.5,1048.0,Full HD,1920,1080,No,Yes,No,Intel,2.8,Core i7 7700HQ,128,1024,SSD,HDD,Nvidia,GeForce GTX 1050,Mid-Range,1152,1,0,Intel,0,1,131.0
Dell,Latitude 7280,Ultrabook,12.5,16,Windows 10,1.18,1859.0,Full HD,1920,1080,No,No,No,Intel,2.8,Core i7 7600U,256,0,SSD,No,Intel,HD Graphics 620,Premium,256,1,1,Intel,1,1,116.1875
Google,Pixelbook (Core,Ultrabook,12.3,8,Chrome OS,1.1,1559.0,Standard,2400,1600,Yes,No,No,Intel,1.2,Core i5 7Y57,256,0,SSD,No,Intel,HD Graphics 615,Premium,256,1,0,Intel,1,1,194.875
Asus,Zenbook UX330UA-AH5Q,Ultrabook,13.3,8,Windows 10,1.2,1129.0,Quad HD+,3200,1800,No,Yes,No,Intel,2.5,Core i5 7200U,256,0,SSD,No,Intel,HD Graphics 620,Mid-Range,256,1,0,Intel,1,1,141.125
Dell,Latitude 3380,Notebook,13.3,4,Windows 10,1.65,849.0,Standard,1366,768,No,No,No,Intel,2.0,Core i3 6006U,500,0,HDD,No,Intel,HD Graphics 520,Mid-Range,500,0,0,Intel,1,0,212.25
Acer,TravelMate P238-M,Notebook,13.3,4,Windows 10,1.6,655.0,Standard,1366,768,No,No,No,Intel,2.3,Core i5 6200U,128,0,SSD,No,Intel,HD Graphics 520,Budget,128,1,0,Intel,1,0,163.75
Asus,X751NV-TY001 (N4200/4GB/1TB/GeForce,Notebook,17.3,4,Windows 10,2.8,470.34,Standard,1366,768,No,No,No,Intel,1.1,Pentium Quad Core N4200,1024,0,HDD,No,Nvidia,GeForce 920MX,Budget,1024,0,0,Intel,0,0,117.585
Dell,Inspiron 7559,Gaming,15.6,16,Windows 10,2.72,1099.0,4K Ultra HD,3840,2160,Yes,Yes,No,Intel,2.6,Core i7 6700HQ,128,1024,SSD,HDD,Nvidia,GeForce GTX 960M,Mid-Range,1152,1,1,Intel,0,1,68.6875
Samsung,Notebook 9,Ultrabook,13.3,8,Windows 10,1.31,1599.0,Full HD,1920,1080,Yes,No,No,Intel,2.7,Core i7 7500U,256,0,SSD,No,Intel,HD Graphics 620,Premium,256,1,0,Intel,1,1,199.875
Acer,Aspire A315-31,Notebook,15.6,4,Linux,2.1,298.0,Standard,1366,768,No,No,No,Intel,1.1,Pentium Quad Core N4200,1024,0,HDD,No,Intel,HD Graphics 505,Budget,1024,0,0,Intel,0,0,74.5
Dell,Inspiron 5567,Notebook,15.6,16,Windows 10,2.3,1181.27,Full HD,1920,1080,No,No,No,Intel,2.7,Core i7 7500U,256,0,SSD,No,AMD,Radeon R7 M445,Mid-Range,256,1,1,Intel,0,1,73.829375
Samsung,Notebook 9,2 in 1 Convertible,15.0,16,Windows 10,1.71,1799.0,Full HD,1920,1080,Yes,No,No,Intel,2.7,Core i7 7500U,256,0,SSD,No,AMD,Radeon 540,Premium,256,1,1,Intel,1,1,112.4375
Toshiba,Tecra A40-C-1E5,Notebook,14.0,4,Windows 10,1.75,1020.0,Standard,1366,768,No,Yes,No,Intel,2.3,Core i5 6200U,128,0,SSD,No,Intel,HD Graphics 520,Mid-Range,128,1,0,Intel,1,0,255.0
Dell,Inspiron 7567,Gaming,15.6,8,Windows 10,2.62,1099.0,Full HD,1920,1080,No,No,No,Intel,2.8,Core i7 7700HQ,1024,0,HDD,No,Nvidia,GeForce GTX 1050,Mid-Range,1024,0,0,Intel,0,1,137.375
HP,EliteBook 820,Ultrabook,12.5,4,Windows 10,1.26,1244.0,Standard,1366,768,No,No,No,Intel,2.3,Core i5 6200U,256,0,SSD,No,Intel,HD Graphics 520,Mid-Range,256,1,0,Intel,1,0,311.0
Asus,Q524UQ-BHI7T15 (i7-7500U/12GB/2TB/GeForce,2 in 1 Convertible,15.6,12,Windows 10,2.3,839.0,Full HD,1920,1080,Yes,No,No,Intel,2.7,Core i7 7500U,2048,0,HDD,No,Nvidia,GeForce 940MX,Mid-Range,2048,0,0,Intel,0,1,69.91666666666667
Lenovo,Thinkpad P50,Notebook,15.6,16,Windows 7,2.5,2370.0,4K Ultra HD,3840,2160,No,No,No,Intel,2.7,Core i7 6820HQ,512,0,SSD,No,Nvidia,Quadro M2000M,Premium,512,1,1,Intel,0,1,148.125
Acer,Swift 3,Notebook,14.0,4,Windows 10,1.8,636.0,Full HD,1920,1080,No,Yes,No,Intel,2.4,Core i3 7100U,128,0,SSD,No,Intel,HD Graphics 620,Budget,128,1,0,Intel,1,1,159.0
Razer,Blade Pro,Gaming,14.0,16,Windows 10,1.95,2899.0,Full HD,1920,1080,No,No,No,Intel,2.8,Core i7 7700HQ,512,0,SSD,No,Nvidia,GeForce GTX 1060,Premium,512,1,1,Intel,0,1,181.1875
Asus,Vivobook Max,Notebook,15.6,8,Windows 10,2.0,581.9,Standard,1920,1080,No,No,No,Intel,1.1,Pentium Dual Core N4200,128,0,SSD,No,Intel,HD Graphics 505,Budget,128,1,0,Intel,0,1,72.7375
Dell,Alienware 17,Gaming,17.3,32,Windows 10,4.42,3588.8,Full HD,1920,1080,No,Yes,No,Intel,2.8,Core i7 7700HQ,1024,1024,SSD,HDD,Nvidia,GeForce GTX 1070M,,2048,1,1,Intel,0,1,112.15
Asus,Rog G752VS-BA171T,Gaming,17.3,16,Windows 10,4.3,2350.0,Full HD,1920,1080,No,Yes,No,Intel,2.6,Core i7 6700HQ,256,1024,SSD,HDD,Nvidia,GeForce GTX 1070,Premium,1280,1,1,Intel,0,1,146.875
Toshiba,Tecra Z40-C-161,Ultrabook,14.0,16,Windows 10,1.47,1764.0,Full HD,1920,1080,No,Yes,No,Intel,2.6,Core i7 6600U,512,0,SSD,No,Nvidia,GeForce 930M,Premium,512,1,1,Intel,1,1,110.25
Lenovo,IdeaPad 110-15IBR,Notebook,15.6,8,No OS,2.2,329.0,Standard,1366,768,No,No,No,Intel,1.6,Celeron Quad Core N3710,1024,0,HDD,No,Intel,HD Graphics 405,Budget,1024,0,0,Intel,0,0,41.125
Lenovo,ThinkPad T470s,Ultrabook,14.0,16,Windows 10,1.7,2299.0,Full HD,1920,1080,No,No,No,Intel,2.7,Core i7 7500U,512,0,SSD,No,Intel,HD Graphics 620,Premium,512,1,1,Intel,1,1,143.6875
MSI,GS43VR 7RE,Gaming,14.0,16,Windows 10,1.6,1891.0,Full HD,1920,1080,No,Yes,No,Intel,2.8,Core i7 7700HQ,256,1024,SSD,HDD,Nvidia,GeForce GTX 1060,Premium,1280,1,1,Intel,1,1,118.1875
MSI,GL62M (i5-7300HQ/8GB/1TB,Gaming,15.6,8,Windows 10,2.2,1089.0,Full HD,1920,1080,No,No,No,Intel,2.5,Core i5 7300HQ,128,1024,SSD,HDD,Nvidia,GeForce GTX 1050,Mid-Range,1152,1,0,Intel,0,1,136.125
Lenovo,Legion Y520-15IKBN,Gaming,15.6,4,Windows 10,2.4,999.0,Full HD,1920,1080,No,Yes,No,Intel,2.8,Core i7 7700HQ,1024,0,HDD,No,Nvidia,GeForce GTX 1050,Mid-Range,1024,0,0,Intel,0,1,249.75
Acer,Predator G9-793,Gaming,17.3,16,Windows 10,4.2,2299.0,Full HD,1920,1080,No,Yes,No,Intel,2.8,Core i7 7700HQ,256,1024,SSD,HDD,Nvidia,GeForce GTX 1060,Premium,1280,1,1,Intel,0,1,143.6875
Dell,Inspiron 7567,Gaming,15.6,8,Windows 10,2.62,985.0,Full HD,1920,1080,No,No,No,Intel,2.5,Core i5 7300HQ,256,0,SSD,No,Nvidia,GeForce GTX 1050,Mid-Range,256,1,0,Intel,0,1,123.125
Asus,FX502VM-DM560T (i7-7700HQ/8GB/1TB,Gaming,15.6,8,Windows 10,2.24,1339.0,Full HD,1920,1080,No,No,No,Intel,2.8,Core i7 7700HQ,128,1024,SSD,HDD,Nvidia,GeForce GTX1060,Mid-Range,1152,1,0,Intel,0,1,167.375
Vero,K146 (N3350/4GB/32GB/W10),Notebook,14.0,4,Windows 10,1.22,202.9,Standard,1920,1080,No,No,No,Intel,1.1,Celeron Dual Core N3350,32,0,Flash Storage,No,Intel,HD Graphics 500,Budget,32,0,0,Intel,1,1,50.725
Lenovo,ThinkPad Yoga,2 in 1 Convertible,13.3,8,Windows 10,1.37,1970.0,Full HD,1920,1080,Yes,Yes,No,Intel,2.7,Core i7 7500U,512,0,SSD,No,Intel,HD Graphics 620,Premium,512,1,0,Intel,1,1,246.25
Lenovo,Yoga 510-15IKB,2 in 1 Convertible,15.6,8,Windows 10,2.08,959.0,Full HD,1920,1080,Yes,No,No,Intel,2.5,Core i5 7200U,256,0,SSD,No,AMD,Radeon R7 M460,Mid-Range,256,1,0,Intel,0,1,119.875
Apple,"MacBook 12""",Ultrabook,12.0,8,Mac OS X,0.92,1165.0,Standard,2304,1440,No,Yes,Yes,Intel,1.2,Core M,512,0,Flash Storage,No,Intel,HD Graphics 5300,Mid-Range,512,0,0,Intel,1,1,145.625
Lenovo,ThinkPad X1,2 in 1 Convertible,14.0,8,Windows 10,1.42,2330.0,Standard,2560,1440,Yes,Yes,No,Intel,2.5,Core i5 7200U,256,0,SSD,No,Intel,HD Graphics 620,Premium,256,1,0,Intel,1,1,291.25
Asus,R417NA-RS01 (N3350/4GB/32GB/W10),Notebook,14.0,4,Windows 10,1.63,299.0,Standard,1366,768,No,No,No,Intel,1.1,Celeron Dual Core N3350,32,0,Flash Storage,No,Intel,HD Graphics 500,Budget,32,0,0,Intel,1,0,74.75
Dell,Latitude 3580,Notebook,15.6,8,Windows 10,1.95,810.0,Standard,1366,768,No,No,No,Intel,2.5,Core i5 7200U,128,0,SSD,No,Intel,HD Graphics 620,Mid-Range,128,1,0,Intel,0,0,101.25
Lenovo,Yoga 910-13IKB,2 in 1 Convertible,13.9,8,Windows 10,1.38,1349.0,Full HD,1920,1080,Yes,Yes,No,Intel,2.7,Core i7 7500U,256,0,SSD,No,Intel,HD Graphics 620,Mid-Range,256,1,0,Intel,1,1,168.625
Dell,Vostro 5568,Notebook,15.6,8,Windows 10,2.0,739.0,Full HD,1920,1080,No,No,No,Intel,2.0,Core i3 6006U,256,0,SSD,No,AMD,Radeon R5 M420X,Budget,256,1,0,Intel,0,1,92.375
HP,ZBook 17,Workstation,15.6,8,Windows 10,3.14,2064.9,Full HD,1920,1080,No,No,No,Intel,2.8,Core i7 7700HQ,256,0,SSD,No,Nvidia,Quadro M2200,Premium,256,1,0,Intel,0,1,258.1125
Asus,Pro P2540UA-XS51,Notebook,15.6,8,Windows 10,2.37,1099.0,Full HD,1920,1080,No,No,No,Intel,2.5,Core i5 7200U,256,0,SSD,No,Intel,HD Graphics 620,Mid-Range,256,1,0,Intel,0,1,137.375
Dell,XPS 13,Ultrabook,13.3,8,Windows 10,1.29,1499.0,Full HD,1920,1080,No,No,No,Intel,2.5,Core i5 7200U,256,0,SSD,No,Intel,HD Graphics 620,Mid-Range,256,1,0,Intel,1,1,187.375
Dell,XPS 15,Notebook,15.6,8,Windows 10,2.06,1749.0,4K Ultra HD,3840,2160,Yes,No,No,Intel,2.5,Core i5 7300HQ,256,0,SSD,No,Nvidia,GeForce GTX 1050,Premium,256,1,0,Intel,0,1,218.625
Dell,Latitude 3180,Netbook,11.6,4,Windows 10,1.63,744.0,Standard,1366,768,No,No,No,Intel,1.1,Pentium Quad Core N4200,128,0,SSD,No,Intel,HD Graphics 505,Budget,128,1,0,Intel,1,0,186.0
HP,EliteBook 820,Netbook,12.5,8,Windows 10,1.26,1389.0,Standard,1366,768,No,No,No,Intel,2.6,Core i5 7300U,256,0,SSD,No,Intel,HD Graphics 620,Mid-Range,256,1,0,Intel,1,0,173.625
Toshiba,Satellite Pro,Notebook,15.6,4,Windows 10,2.1,780.0,Standard,1366,768,No,No,No,Intel,2.3,Core i5 6200U,500,0,HDD,No,Intel,HD Graphics 520,Budget,500,0,0,Intel,0,0,195.0
HP,15-ba043na (A12-9700P/8GB/2TB/W10),Notebook,15.6,8,Windows 10,2.04,629.0,Standard,1366,768,No,No,No,AMD,2.5,A12-Series 9700P,2048,0,HDD,No,AMD,Radeon R7 Graphics,Budget,2048,0,0,AMD,0,0,78.625
Dell,Inspiron 7567,Gaming,15.6,16,Windows 10,2.62,1679.0,4K Ultra HD,3840,2160,No,No,No,Intel,2.8,Core i7 7700HQ,512,0,SSD,No,Nvidia,GeForce GTX 1050 Ti,Premium,512,1,1,Intel,0,1,104.9375
Lenovo,IdeaPad 310-15IKB,Notebook,15.6,4,Windows 10,2.4,609.0,Full HD,1920,1080,No,No,No,Intel,2.5,Core i5 7200U,1024,0,HDD,No,Nvidia,GeForce 920M,Budget,1024,0,0,Intel,0,1,152.25
HP,Omen 17-an012dx,Gaming,17.3,12,Windows 10,3.74,1749.0,Full HD,1920,1080,No,Yes,No,Intel,2.8,Core i7 7700HQ,1024,0,HDD,No,AMD,Radeon RX 580,Premium,1024,0,0,Intel,0,1,145.75
MSI,GE72MVR 7RG,Gaming,17.3,16,Windows 10,2.9,2415.0,Full HD,1920,1080,No,No,No,Intel,2.8,Core i7 7700HQ,512,1024,SSD,HDD,Nvidia,GeForce GTX 1070,Premium,1536,1,1,Intel,0,1,150.9375
Samsung,Notebook 9,Ultrabook,13.3,8,Windows 10,0.81,1499.0,Full HD,1920,1080,No,No,No,Intel,2.5,Core i5 7200U,256,0,SSD,No,Intel,HD Graphics 620,Mid-Range,256,1,0,Intel,1,1,187.375
Dell,Vostro 5568,Notebook,15.6,8,Windows 10,1.98,961.0,Full HD,1920,1080,No,No,No,Intel,2.7,Core i7 7500U,1024,0,HDD,No,Nvidia,GeForce GT 940MX,Mid-Range,1024,0,0,Intel,0,1,120.125
Dell,Vostro 3568,Notebook,15.6,8,Windows 10,2.18,789.81,Full HD,1920,1080,No,No,No,Intel,2.5,Core i5 7200U,256,0,SSD,No,AMD,Radeon R5 M420,Budget,256,1,0,Intel,0,1,98.72625
Lenovo,Thinkpad T470s,Ultrabook,14.0,8,Windows 10,1.32,1859.0,Full HD,1920,1080,No,No,No,Intel,2.7,Core i7 7500U,256,0,SSD,No,Intel,HD Graphics 620,Premium,256,1,0,Intel,1,1,232.375
Razer,Blade Stealth,Ultrabook,12.5,16,Windows 10,1.29,1799.0,4K Ultra HD,3840,2160,Yes,Yes,No,Intel,2.5,Core i7 7500U,512,0,SSD,No,Intel,HD Graphics 620,Premium,512,1,1,Intel,1,1,112.4375
HP,Chromebook 11,Netbook,11.6,4,Chrome OS,1.23,385.0,Standard,1366,768,No,No,No,Intel,1.6,Celeron Dual Core N3060,16,0,Flash Storage,No,Intel,HD Graphics 400,Budget,16,0,0,Intel,1,0,96.25
Dell,Alienware 17,Gaming,17.3,16,Windows 10,4.36,2505.02,Full HD,1920,1080,No,Yes,No,Intel,2.8,Core i7 7700HQ,128,1024,SSD,HDD,Nvidia,GeForce GTX 1060,Premium,1152,1,1,Intel,0,1,156.56375
Dell,Latitude 3480,Notebook,14.0,4,Windows 10,1.76,755.0,Standard,1366,768,No,No,No,Intel,2.3,Core i5 6200U,500,0,HDD,No,Intel,HD Graphics 520,Budget,500,0,0,Intel,1,0,188.75
Lenovo,V110-15ISK (i3-6006U/4GB/500GB/W10),Notebook,15.6,4,Windows 10,2.1,489.9,Standard,1366,768,No,No,No,Intel,2.0,Core i3 6006U,500,0,HDD,No,Intel,HD Graphics 520,Budget,500,0,0,Intel,0,0,122.475
Toshiba,Tecra X40-D-10Z,Ultrabook,14.0,4,Windows 10,1.25,1090.0,Standard,1366,768,No,No,No,Intel,2.5,Core i5 7200U,128,0,SSD,No,Intel,HD Graphics 620,Mid-Range,128,1,0,Intel,1,0,272.5
Lenovo,Thinkpad X1,Ultrabook,14.0,8,Windows 10,1.13,2499.0,Full HD,1920,1080,No,Yes,No,Intel,2.7,Core i7 7500U,512,0,SSD,No,Intel,HD Graphics 620,Premium,512,1,0,Intel,1,1,312.375
MSI,GL62M 7RD,Gaming,15.6,8,Windows 10,2.4,1199.0,Full HD,1920,1080,No,No,No,Intel,2.5,Core i5 7300HQ,256,0,SSD,No,Nvidia,GeForce GTX 1050,Mid-Range,256,1,0,Intel,0,1,149.875
Lenovo,ThinkPad X1,Ultrabook,14.0,8,Windows 10,1.13,1875.0,Full HD,1920,1080,No,Yes,No,Intel,2.5,Core i5 7200U,256,0,Flash Storage,No,Intel,HD Graphics 620,Premium,256,0,0,Intel,1,1,234.375
Toshiba,Satellite Pro,Notebook,14.0,4,Windows 10,1.75,499.0,Standard,1366,768,No,No,No,Intel,2.1,Pentium Dual Core 4405U,128,0,SSD,No,Intel,HD Graphics 510,Budget,128,1,0,Intel,1,0,124.75
Asus,ZenBook Flip,2 in 1 Convertible,13.3,8,Windows 10,1.1,1358.0,Full HD,1920,1080,Yes,No,No,Intel,2.5,Core i5 7200U,256,0,SSD,No,Intel,HD Graphics 620,Mid-Range,256,1,0,Intel,1,1,169.75
Dell,Latitude 3480,Notebook,14.0,4,Windows 10,1.76,585.0,Standard,1366,768,No,No,No,Intel,2.0,Core i3 6006U,500,0,HDD,No,Intel,HD Graphics 520,Budget,500,0,0,Intel,1,0,146.25
Acer,Chromebook 11,Netbook,11.6,4,Chrome OS,1.35,355.0,Standard,1366,768,No,Yes,No,Intel,1.6,Celeron Dual Core N3060,32,0,Flash Storage,No,Intel,HD Graphics 400,Budget,32,0,0,Intel,1,0,88.75
Acer,Swift 3,Notebook,14.0,8,Windows 10,1.5,619.0,Full HD,1920,1080,No,Yes,No,Intel,2.4,Core i3 7100U,128,0,SSD,No,Intel,HD Graphics 620,Budget,128,1,0,Intel,1,1,77.375
Razer,Blade Pro,Gaming,17.3,32,Windows 10,3.49,5499.0,4K Ultra HD,3840,2160,Yes,No,No,Intel,2.9,Core i7 7820HK,512,0,SSD,No,Nvidia,GeForce GTX 1080,,512,1,1,Intel,0,1,171.84375
Lenovo,Thinkpad X1,Ultrabook,14.0,16,Windows 10,1.1,2099.0,Quad HD+,2560,1440,No,Yes,No,Intel,2.6,Core i7 6600U,512,0,SSD,No,Intel,HD Graphics 520,Premium,512,1,1,Intel,1,1,131.1875
Asus,VivoBook Max,Notebook,15.6,4,Linux,2.1,519.0,Full HD,1920,1080,No,No,No,Intel,2.5,Core i5 7200U,1024,0,HDD,No,Nvidia,GeForce 920,Budget,1024,0,0,Intel,0,1,129.75
Lenovo,Thinkpad T460,Notebook,14.0,8,Windows 10,1.7,1186.0,Full HD,1920,1080,No,No,No,Intel,2.3,Core i5 6200U,256,0,SSD,No,Intel,HD Graphics 520,Mid-Range,256,1,0,Intel,1,1,148.25
Lenovo,ThinkPad T470s,Notebook,14.0,8,Windows 10,1.32,1650.0,Full HD,1920,1080,No,Yes,No,Intel,2.6,Core i5 7300U,256,0,SSD,No,Intel,HD Graphics 620,Premium,256,1,0,Intel,1,1,206.25
Dell,Alienware 15,Gaming,15.6,16,Windows 10,3.21,2774.63,Full HD,1920,1080,No,No,No,Intel,2.8,Core i7 7700HQ,256,1024,SSD,HDD,Nvidia,GeForce GTX 1070,Premium,1280,1,1,Intel,0,1,173.414375
Asus,Rog GL702VS-BA023T,Gaming,17.3,16,Windows 10,2.9,2419.0,Full HD,1920,1080,No,No,No,Intel,2.8,Core i7 7700HQ,256,1024,SSD,HDD,Nvidia,GeForce GTX 1070,Premium,1280,1,1,Intel,0,1,151.1875
Toshiba,Satellite Pro,Notebook,15.6,4,Windows 10,2.0,669.0,Standard,1366,768,No,No,No,Intel,2.4,Core i3 7100U,500,0,HDD,No,Intel,HD Graphics 620,Budget,500,0,0,Intel,0,0,167.25
Lenovo,N42-20 Chromebook,Notebook,14.0,4,Chrome OS,1.5,325.0,Standard,1366,768,No,No,No,Intel,1.6,Celeron Quad Core N3160,16,0,Flash Storage,No,Intel,HD Graphics 400,Budget,16,0,0,Intel,1,0,81.25
Asus,R558UA-DM966T (i5-7200U/8GB/128GB/FHD/W10),Notebook,15.6,8,Windows 10,2.3,590.0,Full HD,1920,1080,No,No,No,Intel,2.5,Core i5 7200U,128,0,HDD,No,Intel,HD Graphics 620,Budget,128,0,0,Intel,0,1,73.75
Asus,Rog GL702VM-GC017T,Gaming,17.3,16,Windows 10,2.73,1799.0,Full HD,1920,1080,No,No,No,Intel,2.6,Core i7 6700HQ,512,1024,SSD,HDD,Nvidia,GeForce GTX 1060,Premium,1536,1,1,Intel,0,1,112.4375
Dell,Alienware 17,Gaming,17.3,32,Windows 10,4.42,3072.89,Full HD,1920,1080,No,Yes,No,Intel,2.8,Core i7 7700HQ,512,1024,SSD,HDD,Nvidia,GeForce GTX 1070,,1536,1,1,Intel,0,1,96.0278125
HP,ProBook 470,Notebook,17.3,8,Windows 10,2.63,910.0,Standard,1600,900,No,No,No,Intel,2.5,Core i5 7200U,1024,0,HDD,No,Nvidia,GeForce 930MX,Mid-Range,1024,0,0,Intel,0,0,113.75
Dell,Vostro 3568,Notebook,15.6,8,Windows 10,2.18,713.99,Standard,1366,768,No,No,No,Intel,2.5,Core i5 7200U,128,0,SSD,No,Intel,HD Graphics 620,Budget,128,1,0,Intel,0,0,89.24875
HP,EliteBook 840,Ultrabook,14.0,8,Windows 7,1.54,1870.0,Full HD,1920,1080,No,No,No,Intel,2.5,Core i7 6500U,512,0,SSD,No,Intel,HD Graphics 520,Premium,512,1,0,Intel,1,1,233.75
Dell,Vostro 3568,Notebook,15.6,4,Windows 10,2.18,739.0,Full HD,1920,1080,No,No,No,Intel,2.7,Core i7 7500U,256,0,SSD,No,AMD,Radeon R5 M420,Budget,256,1,0,Intel,0,1,184.75
HP,Chromebook X360,2 in 1 Convertible,11.6,4,Chrome OS,1.4,615.0,Standard,1366,768,Yes,No,No,Intel,1.1,Celeron Dual Core N3350,32,0,Flash Storage,No,Intel,HD Graphics 500,Budget,32,0,0,Intel,1,0,153.75
Asus,ZenBook UX310UQ-GL026T,Ultrabook,13.3,8,Windows 10,1.45,1026.0,Full HD,1920,1080,No,Yes,No,Intel,2.3,Core i5 6200U,512,0,SSD,No,Nvidia,GeForce 940M,Mid-Range,512,1,0,Intel,1,1,128.25
HP,EliteBook x360,2 in 1 Convertible,13.3,8,Windows 10,1.28,2277.0,Full HD,1920,1080,Yes,No,No,Intel,2.5,Core i5 7200U,256,0,SSD,No,Intel,HD Graphics 620,Premium,256,1,0,Intel,1,1,284.625
HP,EliteBook 840,Ultrabook,14.0,8,Windows 10,1.54,1468.0,Full HD,1920,1080,No,No,No,Intel,2.5,Core i7 6500U,512,0,SSD,No,Intel,HD Graphics 520,Mid-Range,512,1,0,Intel,1,1,183.5
HP,250 G6,Notebook,15.6,4,No OS,1.86,299.0,Standard,1366,768,No,No,No,Intel,1.6,Celeron Dual Core N3060,128,0,SSD,No,Intel,HD Graphics 400,Budget,128,1,0,Intel,0,0,74.75
Asus,Rog GL502VM-DS74,Gaming,15.6,16,Windows 10,2.1,1899.0,Full HD,1920,1080,No,No,No,Intel,2.8,Core i7 7700HQ,128,1024,SSD,HDD,Nvidia,GeForce GTX 1060,Premium,1152,1,1,Intel,0,1,118.6875
Dell,Inspiron 5767,Notebook,17.3,8,Linux,2.83,865.0,Full HD,1920,1080,No,No,No,Intel,2.7,Core i7 7500U,1024,0,HDD,No,AMD,Radeon R7 M445,Mid-Range,1024,0,0,Intel,0,1,108.125
Lenovo,ThinkPad T470p,Ultrabook,14.0,8,Windows 10,1.96,1903.0,Full HD,1920,1080,No,Yes,No,Intel,2.8,Core i7 7700HQ,256,0,SSD,No,Nvidia,GeForce GT 940MX,Premium,256,1,0,Intel,0,1,237.875
Asus,K556UR-DM621T (i7-7500U/8GB/256GB/GeForce,Notebook,15.6,8,Windows 10,2.3,787.0,Full HD,1920,1080,No,Yes,No,Intel,2.7,Core i7 7500U,256,0,SSD,No,Nvidia,GeForce GTX 930MX,Budget,256,1,0,Intel,0,1,98.375
Dell,Latitude 5580,Notebook,15.6,8,Windows 10,1.9,945.0,Full HD,1920,1080,No,No,No,Intel,2.5,Core i5 7200U,128,0,SSD,No,Intel,HD Graphics 620,Mid-Range,128,1,0,Intel,0,1,118.125
Asus,X541NA (N4200/4GB/1TB/W10),Notebook,15.6,4,Windows 10,2.0,449.0,Standard,1366,768,No,No,No,Intel,1.1,Pentium Quad Core N4200,1024,0,HDD,No,Intel,HD Graphics 505,Budget,1024,0,0,Intel,0,0,112.25
HP,EliteBook x360,2 in 1 Convertible,13.3,8,Windows 10,1.28,2559.0,Full HD,1920,1080,Yes,No,No,Intel,2.8,Core i7 7600U,256,0,SSD,No,Intel,HD Graphics 620,Premium,256,1,0,Intel,1,1,319.875
Dell,Inspiron 5368,Notebook,13.3,8,Windows 10,1.62,649.0,Full HD,1920,1080,Yes,No,No,Intel,2.3,Core i5 6200U,1024,0,HDD,No,Intel,HD Graphics 520,Budget,1024,0,0,Intel,1,1,81.125
Lenovo,IdeaPad 110-15ISK,Notebook,15.6,4,No OS,2.2,469.0,Full HD,1920,1080,No,No,No,Intel,2.0,Core i3 6006U,1024,0,HDD,No,Intel,HD Graphics 520,Budget,1024,0,0,Intel,0,1,117.25
Lenovo,ThinkPad E570,Notebook,15.6,8,Windows 10,2.3,850.66,Full HD,1920,1080,No,Yes,No,Intel,2.5,Core i5 7200U,1024,0,HDD,No,Intel,HD Graphics 620,Mid-Range,1024,0,0,Intel,0,1,106.3325
HP,EliteBook 850,Notebook,15.6,8,Windows 10,1.84,1349.0,Full HD,1920,1080,No,No,No,Intel,2.6,Core i5 7300U,256,0,SSD,No,AMD,Radeon R7 M465,Mid-Range,256,1,0,Intel,0,1,168.625
Toshiba,Portege X30-D-10X,Notebook,13.3,4,Windows 10,1.05,1285.0,Full HD,1920,1080,No,No,No,Intel,2.5,Core i5 7200U,128,0,SSD,No,Intel,HD Graphics 620,Mid-Range,128,1,0,Intel,1,1,321.25
Lenovo,Legion Y520-15IKBN,Gaming,15.6,8,No OS,2.5,1017.0,Full HD,1920,1080,No,Yes,No,Intel,2.5,Core i5 7300HQ,1024,0,HDD,No,Nvidia,GeForce GTX 1050,Mid-Range,1024,0,0,Intel,0,1,127.125
Dell,XPS 13,Ultrabook,13.3,16,Windows 10,1.29,2240.0,Quad HD+,3200,1800,Yes,No,No,Intel,2.5,Core i7 7660U,512,0,SSD,No,Intel,Iris Plus Graphics 640,Premium,512,1,1,Intel,1,1,140.0
HP,Probook 450,Notebook,15.6,4,Windows 10,2.07,910.0,Full HD,1920,1080,No,No,No,Intel,2.3,Core i5 6200U,500,0,HDD,No,Intel,HD Graphics 520,Mid-Range,500,0,0,Intel,0,1,227.5
Toshiba,Portégé Z30-C-188,Ultrabook,13.3,8,Windows 10,1.2,1095.0,Standard,1366,768,No,No,No,Intel,2.3,Core i5 6200U,256,0,SSD,No,Intel,HD Graphics 520,Mid-Range,256,1,0,Intel,1,0,136.875
Lenovo,ThinkPad Yoga,2 in 1 Convertible,13.3,8,Windows 10,1.37,1950.0,Full HD,1920,1080,Yes,Yes,No,Intel,2.7,Core i7 7500U,256,0,SSD,No,Intel,HD Graphics 620,Premium,256,1,0,Intel,1,1,243.75
Acer,TMX349-G2-M-50FS (i5-7200U/8GB/256GB/FHD/W10),Notebook,14.0,8,Windows 10,1.56,902.0,Full HD,1920,1080,No,Yes,No,Intel,2.5,Core i5 7200U,256,0,SSD,No,Intel,HD Graphics 620,Mid-Range,256,1,0,Intel,1,1,112.75
Dell,Precision 3520,Workstation,15.6,8,Windows 10,2.23,1778.0,Full HD,1920,1080,No,No,No,Intel,2.8,Core i7 7700HQ,1024,0,HDD,No,Nvidia,Quadro M620,Premium,1024,0,0,Intel,0,1,222.25
Lenovo,ThinkPad L570,Notebook,15.6,4,Windows 10,2.38,1055.0,Standard,1366,768,No,No,No,Intel,2.5,Core i5 7200U,500,0,HDD,No,Intel,HD Graphics 620,Mid-Range,500,0,0,Intel,0,0,263.75
Lenovo,IdeaPad 110-15ISK,Notebook,15.6,4,No OS,2.2,479.0,Full HD,1920,1080,No,No,No,Intel,2.0,Core i3 6006U,1024,0,HDD,No,AMD,Radeon R5 M430,Budget,1024,0,0,Intel,0,1,119.75
Toshiba,Tecra A50-D-11D,Notebook,15.6,8,Windows 10,2.0,1388.0,Full HD,1920,1080,No,Yes,No,Intel,2.7,Core i7 7500U,256,0,SSD,No,Intel,HD Graphics 620,Mid-Range,256,1,0,Intel,0,1,173.5
Lenovo,Thinkpad 13,Notebook,13.3,4,Windows 10,1.44,735.0,Full HD,1920,1080,No,Yes,No,Intel,2.4,Core i3 7100U,180,0,SSD,No,Intel,HD Graphics 620,Budget,180,1,0,Intel,1,1,183.75
Samsung,Notebook 9,Ultrabook,15.0,16,Windows 10,1.23,1849.0,Full HD,1920,1080,No,No,No,Intel,2.7,Core i7 7500U,256,0,SSD,No,Nvidia,GeForce 940MX,Premium,256,1,1,Intel,1,1,115.5625
Dell,Latitude 7280,Ultrabook,12.5,8,Windows 10,1.6,1690.0,Full HD,1920,1080,No,No,No,Intel,2.8,Core i7 7600U,256,0,SSD,No,Intel,HD Graphics 620,Premium,256,1,0,Intel,1,1,211.25
Asus,X541NA-GO121 (N4200/4GB/1TB/Linux),Notebook,15.6,4,Linux,2.0,398.99,Standard,1366,768,No,No,No,Intel,1.1,Pentium Quad Core N4200,1024,0,HDD,No,Intel,HD Graphics 505,Budget,1024,0,0,Intel,0,0,99.7475
Xiaomi,Mi Notebook,Ultrabook,13.3,8,Windows 10,1.28,935.0,Full HD,1920,1080,No,Yes,No,Intel,2.3,Core i5 6200U,256,0,SSD,No,Nvidia,GeForce 940MX,Mid-Range,256,1,0,Intel,1,1,116.875
Dell,Vostro 5568,Notebook,15.6,4,Windows 10,2.18,912.5,Full HD,1920,1080,No,No,No,Intel,2.5,Core i5 7200U,128,1024,SSD,HDD,Nvidia,GeForce 940MX,Mid-Range,1152,1,0,Intel,0,1,228.125
HP,ProBook 450,Notebook,15.6,4,Windows 10,2.04,839.0,Full HD,1920,1080,No,No,No,Intel,2.5,Core i5 7200U,256,0,SSD,No,Intel,HD Graphics 620,Mid-Range,256,1,0,Intel,0,1,209.75
HP,EliteBook x360,2 in 1 Convertible,13.3,4,Windows 10,1.28,1700.0,Full HD,1920,1080,Yes,No,No,Intel,2.5,Core i5 7200U,256,0,SSD,No,Intel,HD Graphics 620,Premium,256,1,0,Intel,1,1,425.0
HP,Pavilion x360,2 in 1 Convertible,15.6,4,Windows 10,2.3,684.8,Standard,1366,768,Yes,No,No,Intel,2.5,Core i5 7200U,500,0,HDD,No,Intel,HD Graphics 620,Budget,500,0,0,Intel,0,0,171.2
Asus,VivoBook L402NA,Notebook,14.1,4,Windows 10,1.65,348.0,Standard,1366,768,No,No,No,Intel,1.1,Celeron Dual Core N3350,32,0,Flash Storage,No,Intel,HD Graphics 500,Budget,32,0,0,Intel,1,0,87.0
Lenovo,IdeaPad 510-15ISK,Notebook,15.6,8,Windows 10,2.2,669.0,Full HD,1920,1080,No,Yes,No,Intel,2.5,Core i7 6500U,1024,0,HDD,No,Nvidia,GeForce 940MX,Budget,1024,0,0,Intel,0,1,83.625
Dell,Inspiron 3552,Notebook,15.6,4,Windows 10,2.2,369.0,Standard,1366,768,No,No,No,Intel,1.6,Pentium Quad Core N3710,500,0,HDD,No,Intel,HD Graphics,Budget,500,0,0,Intel,0,0,92.25
HP,EliteBook x360,2 in 1 Convertible,13.3,4,Windows 10,1.28,1799.0,Full HD,1920,1080,Yes,No,No,Intel,2.5,Core i5 7200U,256,0,SSD,No,Intel,HD Graphics 620,Premium,256,1,0,Intel,1,1,449.75
Dell,Vostro 3568,Notebook,15.6,4,Linux,2.18,455.7,Standard,1366,768,No,No,No,Intel,2.0,Core i3 6006U,1024,0,HDD,No,AMD,Radeon R5 M420X,Budget,1024,0,0,Intel,0,0,113.925
Asus,Rog GL753VD-GC082T,Gaming,17.3,12,Windows 10,2.2,1369.9,Full HD,1920,1080,No,No,No,Intel,2.5,Core i5 7300HQ,128,1024,SSD,HDD,Nvidia,GeForce GTX 1050,Mid-Range,1152,1,0,Intel,0,1,114.15833333333335
Acer,Chromebook C731-C78G,Netbook,11.6,4,Chrome OS,1.25,297.0,Standard,1366,768,No,Yes,No,Intel,1.6,Celeron Dual Core N3060,32,0,Flash Storage,No,Intel,HD Graphics 400,Budget,32,0,0,Intel,1,0,74.25
Lenovo,IdeaPad 110-17ACL,Notebook,17.3,4,Windows 10,2.8,379.0,Standard,1600,900,No,No,No,AMD,2.2,A4-Series 7210,500,0,HDD,No,AMD,Radeon R3,Budget,500,0,0,AMD,0,0,94.75
HP,Probook 640,Notebook,14.0,4,Windows 10,1.95,1265.0,Full HD,1920,1080,No,No,No,Intel,2.5,Core i5 7200U,128,0,SSD,No,Intel,HD Graphics 620,Mid-Range,128,1,0,Intel,0,1,316.25
HP,Envy x360,2 in 1 Convertible,13.3,16,Windows 10,1.42,1399.0,Quad HD+,3200,1800,Yes,No,No,Intel,2.7,Core i7 7500U,256,0,SSD,No,Intel,HD Graphics 620,Mid-Range,256,1,1,Intel,1,1,87.4375
Samsung,Notebook 9,Ultrabook,15.0,8,Windows 10,1.17,1699.0,Full HD,1920,1080,No,No,No,Intel,2.7,Core i7 7500U,256,0,SSD,No,Intel,HD Graphics 620,Premium,256,1,0,Intel,1,1,212.375
Lenovo,ThinkPad T470s,Ultrabook,14.0,8,Windows 10,1.32,1799.0,Full HD,1920,1080,No,Yes,No,Intel,2.5,Core i5 7200U,256,0,SSD,No,Intel,HD Graphics 620,Premium,256,1,0,Intel,1,1,224.875
MSI,GS73VR Stealth,Gaming,17.3,16,Windows 10,2.43,2649.0,4K Ultra HD,3840,2160,No,Yes,No,Intel,2.6,Core i7 6700HQ,512,2048,SSD,HDD,Nvidia,GeForce GTX 1060,Premium,2560,1,1,Intel,0,1,165.5625
Toshiba,Portege X30-D-10V,Notebook,13.3,8,Windows 10,1.05,1475.0,Full HD,1920,1080,No,No,No,Intel,2.5,Core i5 7200U,256,0,SSD,No,Intel,HD Graphics 620,Mid-Range,256,1,0,Intel,1,1,184.375
Dell,Inspiron 7567,Gaming,15.6,8,Linux,2.62,929.0,Full HD,1920,1080,No,No,No,Intel,2.8,Core i7 7700HQ,1024,0,HDD,No,Nvidia,GeForce GTX 1050Ti,Mid-Range,1024,0,0,Intel,0,1,116.125
HP,ProBook 450,Notebook,15.6,8,Windows 10,2.04,900.0,Full HD,1920,1080,No,No,No,Intel,2.7,Core i7 7500U,1024,0,HDD,No,Nvidia,GeForce 930MX,Mid-Range,1024,0,0,Intel,0,1,112.5
Dell,Vostro 3568,Notebook,15.6,4,Windows 10,2.18,614.0,Standard,1366,768,No,No,No,Intel,2.0,Core i3 6006U,1024,0,HDD,No,AMD,Radeon R5 M420X,Budget,1024,0,0,Intel,0,0,153.5
Dell,Latitude 5580,Notebook,15.6,8,Windows 10,1.9,935.0,Full HD,1920,1080,No,No,No,Intel,2.6,Core i5 7300U,500,0,HDD,No,Intel,HD Graphics 620,Mid-Range,500,0,0,Intel,0,1,116.875
Dell,XPS 13,2 in 1 Convertible,13.3,8,Windows 10,1.24,2013.1,Quad HD+,3200,1800,Yes,No,No,Intel,1.3,Core i7 7Y75,512,0,SSD,No,Intel,HD Graphics 615,Premium,512,1,0,Intel,1,1,251.6375
Asus,G701VO-IH74K (i7-6820HK/32GB/2x,Gaming,17.3,32,Windows 10,3.58,1279.0,Full HD,1920,1080,No,Yes,No,Intel,2.7,Core i7 6820HK,256,256,SSD,SSD,Nvidia,GeForce GTX 980M,Mid-Range,512,1,1,Intel,0,1,39.96875
Dell,XPS 13,2 in 1 Convertible,13.3,16,Windows 10,1.22,1649.0,Full HD,1920,1080,Yes,No,No,Intel,1.3,Core i7 7Y75,256,0,SSD,No,Intel,HD Graphics 615,Premium,256,1,1,Intel,1,1,103.0625
Lenovo,ThinkPad X1,Ultrabook,14.0,8,Windows 10,1.13,2049.0,Full HD,1920,1080,No,Yes,No,Intel,2.7,Core i7 7500U,256,0,Flash Storage,No,Intel,HD Graphics 620,Premium,256,0,0,Intel,1,1,256.125
Lenovo,ThinkPad T570,Notebook,15.6,8,Windows 10,1.95,1962.99,Full HD,1920,1080,No,Yes,No,Intel,2.5,Core i5 7200U,512,0,SSD,No,Intel,HD Graphics 620,Premium,512,1,0,Intel,0,1,245.37375
LG,Gram 15Z970,Ultrabook,15.6,16,Windows 10,1.08,2099.0,Full HD,1920,1080,Yes,Yes,No,Intel,2.7,Core i7 7500U,512,0,SSD,No,Intel,HD Graphics 620,Premium,512,1,1,Intel,1,1,131.1875
HP,Elitebook 820,Netbook,12.5,8,Windows 10,1.26,1483.0,Full HD,1920,1080,No,No,No,Intel,2.7,Core i7 7500U,512,0,SSD,No,Intel,HD Graphics 620,Mid-Range,512,1,0,Intel,1,1,185.375
Acer,Chromebook CB5-571-C1DZ,Notebook,15.6,4,Chrome OS,2.2,359.0,Full HD,1920,1080,No,Yes,No,Intel,1.5,Celeron Dual Core 3205U,16,0,Flash Storage,No,Intel,HD Graphics,Budget,16,0,0,Intel,0,1,89.75
Lenovo,IdeaPad Y700-15ISK,Notebook,15.6,8,Windows 10,2.6,789.0,Full HD,1920,1080,No,Yes,No,Intel,2.3,Core i5 6300HQ,128,1024,SSD,HDD,Nvidia,GeForce GTX 960M,Budget,1152,1,0,Intel,0,1,98.625
LG,Gram 14Z970,Ultrabook,14.0,8,Windows 10,0.98,1899.0,Full HD,1920,1080,Yes,Yes,No,Intel,2.7,Core i7 7500U,512,0,SSD,No,Intel,HD Graphics 620,Premium,512,1,0,Intel,1,1,237.375
Dell,Latitude 5480,Notebook,14.0,8,Windows 10,1.6,1205.0,Full HD,1920,1080,No,No,No,Intel,2.8,Core i5 7440HQ,256,0,SSD,No,Intel,HD Graphics 620,Mid-Range,256,1,0,Intel,1,1,150.625
HP,Elitebook Folio,Ultrabook,12.5,8,Windows 10,1.09,3100.0,4K Ultra HD,3840,2160,Yes,No,No,Intel,1.2,Core M 6Y75,240,0,SSD,No,Intel,HD Graphics 515,,240,1,0,Intel,1,1,387.5
Lenovo,IdeaPad 510-15IKB,Notebook,15.6,6,Windows 10,2.2,789.0,Full HD,1920,1080,No,No,No,Intel,2.7,Core i7 7500U,256,0,SSD,No,Nvidia,GeForce 940MX,Budget,256,1,0,Intel,0,1,131.5
HP,ProBook 450,Notebook,15.6,8,Windows 10,2.04,1018.99,Full HD,1920,1080,No,No,No,Intel,2.7,Core i7 7500U,256,0,SSD,No,Nvidia,GeForce 930MX,Mid-Range,256,1,0,Intel,0,1,127.37375
Acer,Aspire E5-575,Notebook,15.6,4,Windows 10,2.4,499.0,Full HD,1920,1080,No,No,No,Intel,2.4,Core i3 7100U,1024,0,HDD,No,Intel,HD Graphics 620,Budget,1024,0,0,Intel,0,1,124.75
Lenovo,ThinkPad 13,Notebook,13.3,4,Windows 10,1.44,881.0,Full HD,1920,1080,No,No,No,Intel,2.5,Core i5 7200U,128,0,SSD,No,Intel,HD Graphics 620,Mid-Range,128,1,0,Intel,1,1,220.25
HP,Probook 430,Notebook,13.3,8,Windows 10,1.49,960.0,Full HD,1920,1080,No,No,No,Intel,2.5,Core i5 7200U,256,0,SSD,No,Intel,HD Graphics 620,Mid-Range,256,1,0,Intel,1,1,120.0
MSI,GE72VR 6RF,Gaming,17.3,16,Windows 10,2.7,1599.0,Full HD,1920,1080,No,No,No,Intel,2.8,Core i7 7700HQ,256,1024,SSD,HDD,Nvidia,GeForce GTX 1050 Ti,Premium,1280,1,1,Intel,0,1,99.9375
Dell,Inspiron 7567,Gaming,15.6,16,Windows 10,2.6,1349.0,Full HD,1920,1080,No,No,No,Intel,2.8,Core i7 7700HQ,128,1024,SSD,HDD,Nvidia,GeForce GTX 1050 Ti,Mid-Range,1152,1,1,Intel,0,1,84.3125
MSI,GL62M 7RD,Gaming,15.6,8,Windows 10,2.2,1119.91,Full HD,1920,1080,No,No,No,Intel,2.5,Core i5 7300HQ,128,1024,SSD,HDD,Nvidia,GeForce GTX 1050,Mid-Range,1152,1,0,Intel,0,1,139.98875
Dell,Vostro 3568,Notebook,15.6,4,Windows 10,2.18,684.99,Standard,1366,768,No,No,No,Intel,2.5,Core i5 7200U,1024,0,HDD,No,AMD,Radeon R5 M420,Budget,1024,0,0,Intel,0,0,171.2475
HP,EliteBook 850,Ultrabook,15.6,8,Windows 10,1.84,1296.99,Full HD,1920,1080,No,No,No,Intel,2.5,Core i7 6500U,256,0,SSD,No,AMD,Radeon R7 M365X,Mid-Range,256,1,0,Intel,0,1,162.12375
HP,Envy 13-AB077cl,Ultrabook,13.3,8,Windows 10,1.39,1149.0,Quad HD+,3200,1800,Yes,No,No,Intel,2.7,Core i7 7500U,256,0,SSD,No,Intel,HD Graphics 620,Mid-Range,256,1,0,Intel,1,1,143.625
Toshiba,Tecra Z50-C-140,Notebook,15.6,16,Windows 10,2.4,1975.0,Full HD,1920,1080,No,Yes,No,Intel,2.6,Core i7 6600U,256,0,SSD,No,Nvidia,GeForce 930M,Premium,256,1,1,Intel,0,1,123.4375
Lenovo,ThinkPad Yoga,2 in 1 Convertible,13.3,8,Windows 10,1.37,1825.0,Full HD,1920,1080,Yes,Yes,No,Intel,2.5,Core i5 7200U,512,0,SSD,No,Intel,HD Graphics 620,Premium,512,1,0,Intel,1,1,228.125
Dell,Latitude 3580,Notebook,15.6,4,Windows 10,1.95,729.9,Standard,1366,768,No,No,No,Intel,2.3,Core i5 6200U,500,0,HDD,No,Intel,HD Graphics 520,Budget,500,0,0,Intel,0,0,182.475
Lenovo,Thinkpad X270,Ultrabook,12.5,8,Windows 10,1.36,1650.0,Full HD,1920,1080,No,Yes,No,Intel,2.7,Core i7 7500U,256,0,SSD,No,Intel,HD Graphics 620,Premium,256,1,0,Intel,1,1,206.25
HP,Probook 650,Notebook,15.6,8,Windows 10,2.31,1165.0,Full HD,1920,1080,No,No,No,Intel,2.3,Core i5 6200U,256,0,SSD,No,Intel,HD Graphics 520,Mid-Range,256,1,0,Intel,0,1,145.625
Dell,Vostro 3568,Notebook,15.6,4,Windows 10,2.18,708.06,Standard,1366,768,No,No,No,Intel,2.5,Core i5 7200U,1024,0,HDD,No,Intel,HD Graphics 620,Budget,1024,0,0,Intel,0,0,177.015
HP,ProBook 640,Notebook,14.0,4,Windows 10,1.95,1149.0,Standard,1366,768,No,No,No,Intel,2.3,Core i5 6200U,500,0,HDD,No,Intel,HD Graphics 520,Mid-Range,500,0,0,Intel,0,0,287.25
Lenovo,IdeaPad 320-15IAP,Notebook,15.6,4,Windows 10,2.2,309.0,Standard,1366,768,No,No,No,Intel,1.1,Pentium Quad Core N4200,1024,0,HDD,No,Intel,HD Graphics 505,Budget,1024,0,0,Intel,0,0,77.25
HP,EliteBook 820,Ultrabook,12.5,4,Windows 10,1.26,1579.0,Full HD,1920,1080,No,No,No,Intel,2.3,Core i5 6200U,500,0,HDD,No,Intel,HD Graphics 520,Premium,500,0,0,Intel,1,1,394.75
HP,250 G6,Notebook,15.6,4,No OS,1.86,288.9,Standard,1366,768,No,No,No,Intel,1.6,Celeron Dual Core N3060,1024,0,HDD,No,Intel,HD Graphics 400,Budget,1024,0,0,Intel,0,0,72.225
Lenovo,Yoga 900-13ISK,2 in 1 Convertible,13.3,16,Windows 10,1.3,1799.0,Quad HD+,3200,1800,Yes,Yes,No,Intel,2.2,Core i7 6560U,1024,0,SSD,No,Intel,Iris Graphics 540,Premium,1024,1,1,Intel,1,1,112.4375
Toshiba,Tecra Z40-C-12X,Notebook,14.0,4,Windows 10,1.47,1105.0,Full HD,1920,1080,No,Yes,No,Intel,2.3,Core i5 6200U,128,0,SSD,No,Intel,HD Graphics 520,Mid-Range,128,1,0,Intel,1,1,276.25
HP,EliteBook 820,Netbook,12.5,8,Windows 10,1.26,1669.0,Full HD,1920,1080,No,No,No,Intel,2.3,Core i5 6200U,256,0,SSD,No,Intel,HD Graphics 520,Premium,256,1,0,Intel,1,1,208.625
Dell,Vostro 3568,Notebook,15.6,4,Windows 10,2.18,558.6,Standard,1366,768,No,No,No,Intel,2.0,Core i3 6006U,1024,0,HDD,No,Intel,HD Graphics 520,Budget,1024,0,0,Intel,0,0,139.65
MSI,GP62M Leopard,Gaming,15.6,8,Windows 10,2.2,1199.0,Full HD,1920,1080,No,No,No,Intel,2.8,Core i7 7700HQ,128,1024,SSD,HDD,Nvidia,GeForce GTX 1050,Mid-Range,1152,1,0,Intel,0,1,149.875
Dell,Latitude 7480,Ultrabook,14.0,8,Windows 10,1.36,1639.0,Full HD,1920,1080,No,No,No,Intel,2.5,Core i5 7200U,256,0,SSD,No,Intel,HD Graphics 620,Premium,256,1,0,Intel,1,1,204.875
Dell,Alienware 17,Gaming,17.3,16,Windows 10,4.36,2758.0,Standard,2560,1440,No,No,No,Intel,2.7,Core i7 6820HK,512,1024,SSD,HDD,Nvidia,GeForce GTX 1080,Premium,1536,1,1,Intel,0,1,172.375
HP,Omen 17-W006na,Gaming,17.3,8,Windows 10,2.75,1399.0,Full HD,1920,1080,No,Yes,No,Intel,2.3,Core i5 6300HQ,128,1024,SSD,HDD,Nvidia,GeForce GTX 965M,Mid-Range,1152,1,0,Intel,0,1,174.875
Asus,X751SV-TY001T (N3710/4GB/1TB/GeForce,Notebook,17.3,4,Windows 10,2.8,530.0,Standard,1600,900,No,No,No,Intel,1.6,Pentium Quad Core N3710,1024,0,HDD,No,Nvidia,GeForce 920MX,Budget,1024,0,0,Intel,0,0,132.5
Acer,TravelMate P259-G2,Notebook,15.6,4,Windows 10,2.23,619.0,Standard,1366,768,No,No,No,Intel,2.5,Core i5 7200U,500,0,HDD,No,Intel,HD Graphics 620,Budget,500,0,0,Intel,0,0,154.75
Toshiba,Tecra A50-C-1ZV,Notebook,15.6,8,Windows 10,2.2,1119.0,Standard,1366,768,No,No,No,Intel,2.3,Core i5 6200U,256,0,SSD,No,Intel,HD Graphics 520,Mid-Range,256,1,0,Intel,0,0,139.875
Lenovo,Yoga 700-11ISK,2 in 1 Convertible,11.3,8,Windows 10,1.1,1299.0,Full HD,1920,1080,Yes,Yes,No,Intel,1.2,Core M m7-6Y75,256,0,SSD,No,Intel,HD Graphics 515,Mid-Range,256,1,0,Intel,1,1,162.375
Lenovo,IdeaPad Y700-15ACZ,Gaming,15.6,16,Windows 10,2.5,999.0,Full HD,1920,1080,No,Yes,No,AMD,2.1,FX 8800P,512,1024,SSD,HDD,AMD,Radeon R9 M385,Mid-Range,1536,1,1,AMD,0,1,62.4375
Dell,Latitude 7280,Ultrabook,12.5,8,Windows 10,1.36,1472.2,Full HD,1920,1080,Yes,No,No,Intel,2.5,Core i5 7200U,256,0,SSD,No,Intel,HD Graphics,Mid-Range,256,1,0,Intel,1,1,184.025
Lenovo,IdeaPad 310-15IKB,Notebook,15.6,8,No OS,2.2,685.0,Full HD,1920,1080,No,No,No,Intel,2.7,Core i7 7500U,1024,0,HDD,No,Nvidia,GeForce 920MX,Budget,1024,0,0,Intel,0,1,85.625
Dell,Insprion 5767,Notebook,17.3,4,Windows 10,2.36,659.0,Standard,1600,900,No,No,No,Intel,2.0,Core i3 6006U,1024,0,HDD,No,AMD,Radeon R7 M445,Budget,1024,0,0,Intel,0,0,164.75
Acer,Chromebook 14,Notebook,14.0,4,Chrome OS,1.68,349.0,Standard,1366,768,No,No,No,Intel,1.6,Celeron Dual Core N3060,32,0,Flash Storage,No,Intel,HD Graphics 400,Budget,32,0,0,Intel,1,0,87.25
HP,ZBook Studio,Workstation,15.6,8,Windows 10,2.0,2249.0,Full HD,1920,1080,No,Yes,No,Intel,2.7,Core i7 6820HQ,8,0,SSD,No,Nvidia,Quadro M1000M,Premium,8,1,0,Intel,0,1,281.125
Dell,Latitude 7480,Ultrabook,14.0,8,Windows 10,1.36,1775.0,Full HD,1920,1080,No,No,No,Intel,2.8,Core i7 7600U,256,0,SSD,No,Intel,HD Graphics 620,Premium,256,1,0,Intel,1,1,221.875
Toshiba,Portege Z30-C-1CW,Notebook,13.3,8,Windows 7,1.2,1460.0,Full HD,1920,1080,No,No,No,Intel,2.3,Core i5 6200U,256,0,SSD,No,Intel,HD Graphics 520,Mid-Range,256,1,0,Intel,1,1,182.5
Asus,Chromebook Flip,2 in 1 Convertible,12.5,8,Chrome OS,1.2,1159.0,Full HD,1920,1080,No,No,No,Intel,1.2,Core M M7-6Y75,64,0,Flash Storage,No,Intel,HD Graphics 515,Mid-Range,64,0,0,Intel,1,1,144.875
Lenovo,Thinkpad T460,Ultrabook,14.0,8,Windows 10,1.7,1488.99,Full HD,1920,1080,No,Yes,No,Intel,2.6,Core i7 6600U,256,0,SSD,No,Intel,HD Graphics 520,Mid-Range,256,1,0,Intel,1,1,186.12375
Dell,Alienware 17,Gaming,17.3,16,Windows 10,4.36,3154.0,4K Ultra HD,3840,2160,No,Yes,No,Intel,2.8,Core i7 7700HQ,512,1024,SSD,HDD,Nvidia,GeForce GTX 1070,,1536,1,1,Intel,0,1,197.125
Dell,XPS 13,2 in 1 Convertible,13.3,8,Windows 10,1.24,1899.0,Full HD,1920,1080,Yes,No,No,Intel,1.2,Core i5 7Y54,256,0,SSD,No,Intel,HD Graphics 615,Premium,256,1,0,Intel,1,1,237.375
HP,ProBook x360,2 in 1 Convertible,11.6,4,Windows 10,1.45,775.0,Standard,1366,768,Yes,No,No,Intel,1.1,Pentium Quad Core N4200,256,0,SSD,No,Intel,HD Graphics 505,Budget,256,1,0,Intel,1,0,193.75
Dell,XPS 13,Ultrabook,13.3,8,Windows 10,1.3,1268.0,Quad HD+,3200,1800,No,No,No,Intel,2.5,Core i7 6500U,256,0,SSD,No,Intel,HD Graphics 520,Mid-Range,256,1,0,Intel,1,1,158.5
Acer,Chromebook C738T-C2EJ,2 in 1 Convertible,11.6,4,Chrome OS,1.25,389.0,Standard,1366,768,Yes,Yes,No,Intel,1.6,Celeron Dual Core N3060,32,0,Flash Storage,No,Intel,HD Graphics 400,Budget,32,0,0,Intel,1,0,97.25
Toshiba,Portege Z30-C-16Z,Notebook,13.3,8,Windows 10,1.2,1535.0,Full HD,1920,1080,No,No,No,Intel,2.4,Core i5 6300U,256,0,SSD,No,Intel,HD Graphics 520,Premium,256,1,0,Intel,1,1,191.875
Lenovo,ThinkPad X270,Ultrabook,12.5,8,Windows 10,1.36,1760.0,Full HD,1920,1080,No,Yes,No,Intel,2.6,Core i5 7300U,256,0,SSD,No,Intel,HD Graphics 620,Premium,256,1,0,Intel,1,1,220.0
Acer,Aspire F5-573G-510L,Notebook,15.6,12,Windows 10,2.4,1009.0,Full HD,1920,1080,No,No,No,Intel,2.5,Core i5 7200U,128,1024,SSD,HDD,Nvidia,GeForce GTX 950M,Mid-Range,1152,1,0,Intel,0,1,84.08333333333333
Toshiba,Portege X20W-D-10V,Ultrabook,12.5,8,Windows 10,1.1,1790.0,Full HD,1920,1080,Yes,No,No,Intel,2.7,Core i7 7500U,512,0,SSD,No,Intel,HD Graphics 620,Premium,512,1,0,Intel,1,1,223.75
HP,ProBook 450,Notebook,15.6,8,Windows 10,2.04,846.5,Standard,1366,768,No,No,No,Intel,2.5,Core i5 7200U,1024,0,HDD,No,Nvidia,GeForce 930MX,Mid-Range,1024,0,0,Intel,0,0,105.8125
Dell,Inspiron 3567,Notebook,15.6,4,Linux,2.25,465.62,Standard,1366,768,No,No,No,Intel,2.0,Core i3 6006U,1024,0,HDD,No,AMD,Radeon R5 M430,Budget,1024,0,0,Intel,0,0,116.405
Dell,Latitude 5580,Notebook,15.6,4,Windows 10,1.9,825.0,Standard,1366,768,No,No,No,Intel,2.5,Core i5 7200U,500,0,HDD,No,Intel,HD Graphics 620,Mid-Range,500,0,0,Intel,0,0,206.25
HP,ProBook 450,Notebook,15.6,4,Windows 10,2.04,685.0,Full HD,1920,1080,No,No,No,Intel,2.4,Core i3 7100U,500,0,HDD,No,Intel,HD Graphics 620,Budget,500,0,0,Intel,0,1,171.25
Dell,Alienware 17,Gaming,17.3,32,Windows 10,4.42,3149.0,Full HD,1920,1080,No,Yes,No,Intel,2.8,Core i7 7700HQ,256,1024,SSD,HDD,Nvidia,GeForce GTX 1070,,1280,1,1,Intel,0,1,98.40625
Lenovo,IdeaPad 310-15IKB,Notebook,15.6,6,Windows 10,2.4,695.0,Full HD,1920,1080,No,No,No,Intel,2.5,Core i5 7200U,256,0,SSD,No,Nvidia,GeForce 920MX,Budget,256,1,0,Intel,0,1,115.83333333333333
Dell,XPS 13,2 in 1 Convertible,13.3,16,Windows 10,1.22,1899.0,Quad HD+,3200,1800,Yes,No,No,Intel,1.3,Core i7 7Y75,512,0,SSD,No,Intel,HD Graphics 615,Premium,512,1,1,Intel,1,1,118.6875
Dell,Latitude E7470,Ultrabook,14.0,8,Windows 10,1.5,1962.98,Standard,2560,1440,Yes,No,No,Intel,2.6,Core i7 6600U,256,0,SSD,No,Intel,HD Graphics 520,Premium,256,1,0,Intel,1,1,245.3725
Dell,Alienware 17,Gaming,17.3,32,Windows 10,4.42,2800.0,Full HD,1920,1080,No,No,No,Intel,2.6,Core i7 6700HQ,256,1024,SSD,HDD,Nvidia,GeForce GTX 1070,Premium,1280,1,1,Intel,0,1,87.5
Toshiba,Tecra A40-C-1DF,Notebook,14.0,8,Windows 10,1.95,1180.0,Full HD,1920,1080,No,No,No,Intel,2.3,Core i5 6200U,256,0,SSD,No,Intel,HD Graphics 520,Mid-Range,256,1,0,Intel,0,1,147.5
Asus,Rog Strix,Gaming,17.3,16,Windows 10,2.73,2049.9,Full HD,1920,1080,No,No,No,Intel,2.8,Core i7 7700HQ,256,1024,SSD,HDD,Nvidia,GeForce GTX 1060,Premium,1280,1,1,Intel,0,1,128.11875
HP,Probook 450,Notebook,15.6,8,Windows 10,2.04,979.0,Full HD,1920,1080,No,Yes,No,Intel,2.7,Core i5 7200U,128,1024,SSD,HDD,Nvidia,GeForce 930MX,Mid-Range,1152,1,0,Intel,0,1,122.375
Lenovo,ThinkPad T460,Notebook,14.0,4,Windows 7,1.7,1002.0,Standard,1366,768,No,No,No,Intel,2.3,Core i5 6200U,508,0,Hybrid,No,Intel,HD Graphics 520,Mid-Range,508,0,0,Intel,1,0,250.5
Asus,Q534UX-BHI7T19 (i7-7500U/16GB/2TB,2 in 1 Convertible,15.6,16,Windows 10,2.3,1799.0,4K Ultra HD,3840,2160,Yes,No,No,Intel,2.7,Core i7 7500U,512,2048,SSD,HDD,Nvidia,GeForce GTX 950M,Premium,2560,1,1,Intel,0,1,112.4375
HP,15-bs053od (i7-7500U/6GB/1TB/W10),Notebook,15.6,6,Windows 10,2.04,579.0,Standard,1366,768,No,No,No,Intel,2.7,Core i7 7500U,1024,0,HDD,No,Intel,HD Graphics 620,Budget,1024,0,0,Intel,0,0,96.5
Asus,Rog GL753VE-DS74,Gaming,17.3,16,Windows 10,2.99,1749.0,Full HD,1920,1080,No,No,No,Intel,2.8,Core i7 7700HQ,256,1024,SSD,HDD,Nvidia,GeForce GTX 1050 Ti,Premium,1280,1,1,Intel,0,1,109.3125
Dell,Inspiron 7579,2 in 1 Convertible,15.6,12,Windows 10,2.19,1299.0,Full HD,1920,1080,Yes,Yes,No,Intel,2.7,Core i7 7500U,512,0,SSD,No,Intel,HD Graphics 620,Mid-Range,512,1,0,Intel,0,1,108.25
Toshiba,Portege Z30-C-1CV,Notebook,13.3,4,Windows 7,1.2,1195.0,Full HD,1920,1080,No,No,No,Intel,2.3,Core i5 6200U,128,0,SSD,No,Intel,HD Graphics 520,Mid-Range,128,1,0,Intel,1,1,298.75
Lenovo,IdeaPad 320-15ABR,Notebook,15.6,6,Windows 10,2.2,549.0,Full HD,1920,1080,No,No,No,AMD,3.6,A12-Series 9720P,256,0,SSD,No,AMD,Radeon 530,Budget,256,1,0,AMD,0,1,91.5
Fujitsu,LifeBook A556,Notebook,15.6,4,Windows 10,2.3,649.0,Standard,1366,768,No,No,No,Intel,2.3,Core i5 6200U,256,0,SSD,No,Intel,HD Graphics 520,Budget,256,1,0,Intel,0,0,162.25
Toshiba,Tecra A40-C-1KF,Notebook,14.0,4,Windows 10,1.75,915.0,Standard,1366,768,No,No,No,Intel,2.3,Core i5 6200U,500,0,HDD,No,Intel,HD Graphics 520,Mid-Range,500,0,0,Intel,1,0,228.75
Dell,Inspiron 3567,Notebook,15.6,4,Windows 10,2.25,599.0,Standard,1366,768,No,No,No,Intel,2.5,Core i5 7200U,500,0,HDD,No,AMD,Radeon R5 M430,Budget,500,0,0,Intel,0,0,149.75
HP,Probook 450,Notebook,15.6,8,Windows 10,2.04,806.0,Full HD,1920,1080,No,No,No,Intel,2.5,Core i5 7200U,1024,0,HDD,No,Intel,HD Graphics 620,Mid-Range,1024,0,0,Intel,0,1,100.75
Lenovo,Legion Y520-15IKBN,Gaming,15.6,8,Windows 10,2.5,1189.0,Full HD,1920,1080,No,Yes,No,Intel,2.8,Core i7 7700HQ,128,1024,SSD,HDD,Nvidia,GeForce GTX 1060,Mid-Range,1152,1,0,Intel,0,1,148.625
Dell,Inspiron 5567,Notebook,15.6,8,Windows 10,2.36,749.0,Standard,1366,768,No,No,No,Intel,2.7,Core i7 7500U,1024,0,HDD,No,AMD,Radeon R7 M445,Budget,1024,0,0,Intel,0,0,93.625
Dell,Latitude 5480,Notebook,14.0,8,Windows 10,1.6,1119.0,Full HD,1920,1080,No,No,No,Intel,2.5,Core i5 7200U,128,0,SSD,No,Intel,HD Graphics 620 ,Mid-Range,128,1,0,Intel,1,1,139.875
HP,EliteBook Folio,Netbook,12.5,8,Windows 10,0.97,1908.0,Full HD,1920,1080,No,No,No,Intel,1.2,Core M 6Y75,512,0,SSD,No,Intel,HD Graphics 515,Premium,512,1,0,Intel,1,1,238.5
HP,15-bs005nv (i3-6006U/4GB/1TB,Notebook,15.6,4,Windows 10,2.1,499.0,Full HD,1920,1080,No,No,No,Intel,2.0,Core i3 6006U,128,1024,SSD,HDD,AMD,Radeon 520,Budget,1152,1,0,Intel,0,1,124.75
Lenovo,V110-15IAP (N3350/4GB/128GB/No,Notebook,15.6,4,No OS,1.9,270.62,Standard,1366,768,No,No,No,Intel,1.1,Celeron Dual Core N3350,128,0,SSD,No,Intel,HD Graphics 500,Budget,128,1,0,Intel,0,0,67.655
Lenovo,ThinkPad T560,Notebook,15.6,8,Windows 10,2.3,1349.0,Full HD,1920,1080,No,No,No,Intel,2.3,Core i5 6200U,256,0,SSD,No,Intel,HD Graphics 520,Mid-Range,256,1,0,Intel,0,1,168.625
Dell,Inspiron 5378,2 in 1 Convertible,13.3,8,Windows 10,1.68,889.0,Full HD,1920,1080,Yes,No,No,Intel,2.5,Core i5 7200U,256,0,SSD,No,Intel,HD Graphics 620,Mid-Range,256,1,0,Intel,1,1,111.125
Asus,ZenBook UX310UA-FB485T,Notebook,13.3,8,Windows 10,1.4,1150.0,Quad HD+,3200,1800,No,No,No,Intel,2.5,Core i5 7200U,256,0,SSD,No,Intel,HD Graphics 620,Mid-Range,256,1,0,Intel,1,1,143.75
HP,Spectre 13-V111dx,Ultrabook,13.3,8,Windows 10,1.11,1349.0,Full HD,1920,1080,Yes,Yes,No,Intel,2.7,Core i7 7500U,256,0,SSD,No,Intel,HD Graphics 620,Mid-Range,256,1,0,Intel,1,1,168.625
Acer,Aspire ES1-533,Notebook,15.6,4,Windows 10,2.4,380.0,Standard,1366,768,No,No,No,Intel,1.1,Pentium Quad Core N4200,500,0,HDD,No,Intel,HD Graphics 505,Budget,500,0,0,Intel,0,0,95.0
Asus,Rog GL553VE-DS74,Gaming,15.6,16,Windows 10,2.5,1799.0,Full HD,1920,1080,No,No,No,Intel,2.8,Core i7 7700HQ,256,1024,SSD,HDD,Nvidia,GeForce GTX 1050 Ti,Premium,1280,1,1,Intel,0,1,112.4375
HP,EliteBook 840,Ultrabook,14.0,8,Windows 10,1.48,2089.0,Full HD,1920,1080,No,No,No,Intel,2.7,Core i7 7500U,512,0,SSD,No,Intel,HD Graphics 620,Premium,512,1,0,Intel,1,1,261.125
Acer,Nitro 5,Gaming,15.6,8,Windows 10,2.7,1260.0,Full HD,1920,1080,No,Yes,No,Intel,2.8,Core i7 7700HQ,128,1024,SSD,HDD,Nvidia,GeForce GTX 1050,Mid-Range,1152,1,0,Intel,0,1,157.5
HP,ENVY -,Notebook,13.3,8,Windows 10,1.34,1189.0,Full HD,1920,1080,No,Yes,No,Intel,2.5,Core i5 7200U,256,0,SSD,No,Intel,HD Graphics 620,Mid-Range,256,1,0,Intel,1,1,148.625
Dell,Vostro 3568,Notebook,15.6,4,Windows 10,2.18,547.0,Standard,1366,768,No,No,No,Intel,2.4,Core i3 7100U,128,0,SSD,No,Intel,HD Graphics 620,Budget,128,1,0,Intel,0,0,136.75
HP,Probook 440,Notebook,14.0,4,Windows 10,1.64,779.0,Standard,1366,768,No,No,No,Intel,2.5,Core i5 7200U,500,0,HDD,No,Intel,HD Graphics 620,Budget,500,0,0,Intel,1,0,194.75
Toshiba,Portege Z30-C-16H,Notebook,13.3,4,Windows 10,1.2,1195.0,Full HD,1920,1080,No,No,No,Intel,2.3,Core i5 6200U,128,0,SSD,No,Intel,HD Graphics 520,Mid-Range,128,1,0,Intel,1,1,298.75
HP,EliteBook 840,Notebook,14.0,4,Windows 10,1.48,1099.99,Standard,1366,768,No,No,No,Intel,2.4,Core i5 6300U,256,0,SSD,No,Intel,HD Graphics 520,Mid-Range,256,1,0,Intel,1,0,274.9975
HP,ProBook 640,Notebook,14.0,4,Windows 10,1.95,1205.0,Full HD,1920,1080,No,No,No,Intel,2.5,Core i5 7200U,256,0,SSD,No,Intel,HD Graphics 620,Mid-Range,256,1,0,Intel,0,1,301.25
HP,EliteBook 1040,Ultrabook,14.0,8,Windows 7,1.43,1449.0,Full HD,1920,1080,No,No,No,Intel,2.6,Core i7 6600U,256,0,SSD,No,Intel,HD Graphics 520,Mid-Range,256,1,0,Intel,1,1,181.125
HP,ProBook 440,Notebook,14.0,8,Windows 10,1.64,1049.26,Full HD,1920,1080,No,No,No,Intel,2.5,Core i5 7200U,256,0,SSD,No,Nvidia,GeForce 930MX,Mid-Range,256,1,0,Intel,1,1,131.1575
HP,Probook 440,Notebook,14.0,4,Windows 10,1.64,684.0,Standard,1366,768,No,No,No,Intel,2.4,Core i3 7100U,500,0,HDD,No,Intel,HD Graphics 620,Budget,500,0,0,Intel,1,0,171.0
Dell,Inspiron 7567,Gaming,15.6,8,Windows 10,2.65,949.0,Full HD,1920,1080,No,No,No,Intel,2.5,Core i5 7300HQ,1024,0,Hybrid,No,Nvidia,GeForce GTX 1050,Mid-Range,1024,0,0,Intel,0,1,118.625
HP,EliteBook 820,Ultrabook,12.5,4,Windows 10,1.26,1539.0,Full HD,1920,1080,No,No,No,Intel,2.5,Core i5 7200U,500,0,HDD,No,Intel,HD Graphics 620,Premium,500,0,0,Intel,1,1,384.75
HP,Elitebook 840,Notebook,14.0,4,Windows 10,1.48,1590.0,Full HD,1920,1080,No,No,No,Intel,2.5,Core i5 7200U,256,0,SSD,No,Intel,HD Graphics 620,Premium,256,1,0,Intel,1,1,397.5
HP,EliteBook 840,Ultrabook,14.0,8,Windows 10,1.54,1887.21,Full HD,1920,1080,No,No,No,Intel,2.5,Core i7 6500U,256,0,SSD,No,Intel,HD Graphics 520,Premium,256,1,0,Intel,1,1,235.90125
HP,Probook 430,Notebook,13.3,4,Windows 10,1.49,800.0,Standard,1366,768,No,No,No,Intel,2.4,Core i3 7100U,500,0,HDD,No,Intel,HD Graphics 620,Budget,500,0,0,Intel,1,0,200.0
Toshiba,Portege A30-C-1CZ,Notebook,13.3,8,Windows 10,1.5,1210.0,Standard,1366,768,No,No,No,Intel,2.3,Core i5 6200U,256,0,SSD,No,Intel,HD Graphics 520,Mid-Range,256,1,0,Intel,1,0,151.25
HP,ProBook 450,Notebook,15.6,4,Windows 10,2.04,769.99,Standard,1366,768,No,No,No,Intel,2.4,Core i3 7100U,256,0,SSD,No,Intel,HD Graphics 620,Budget,256,1,0,Intel,0,0,192.4975
Lenovo,ThinkPad P70,Notebook,17.3,16,Windows 7,2.4,2968.0,4K Ultra HD,3840,2160,No,Yes,No,Intel,2.7,Core i7 6820HQ,512,0,SSD,No,Nvidia,Quadro 3000M,Premium,512,1,1,Intel,0,1,185.5
Toshiba,Tecra Z40-C-12Z,Notebook,14.0,8,Windows 10,1.47,1490.0,Full HD,1920,1080,No,Yes,No,Intel,2.3,Core i5 6200U,256,0,SSD,No,Intel,HD Graphics 520,Mid-Range,256,1,0,Intel,1,1,186.25
HP,EliteBook 1040,Notebook,14.0,8,Windows 10,1.43,2229.0,Full HD,1920,1080,No,No,No,Intel,2.5,Core i7 6500U,256,0,SSD,No,Intel,HD Graphics 520,Premium,256,1,0,Intel,1,1,278.625
Dell,Inspiron 5568,2 in 1 Convertible,15.6,4,Windows 10,2.08,795.99,Full HD,1920,1080,Yes,Yes,No,Intel,2.3,Core i3 6100U,1024,0,HDD,No,Intel,HD Graphics 520,Budget,1024,0,0,Intel,0,1,198.9975
Toshiba,Portégé Z30-C-16K,Ultrabook,13.3,8,Windows 10,1.2,1590.0,Full HD,1920,1080,No,No,No,Intel,2.3,Core i5 6200U,256,0,SSD,No,Intel,HD Graphics 520,Premium,256,1,0,Intel,1,1,198.75
HP,Spectre 13-V100nv,Notebook,13.3,8,Windows 10,1.11,1149.0,Full HD,1920,1080,No,Yes,No,Intel,2.5,Core i5 7200U,256,0,SSD,No,Intel,HD Graphics 620,Mid-Range,256,1,0,Intel,1,1,143.625
HP,ProBook 440,Notebook,14.0,8,Windows 10,1.64,1185.43,Full HD,1920,1080,No,No,No,Intel,2.7,Core i7 7500U,256,0,SSD,No,Nvidia,GeForce 930MX,Mid-Range,256,1,0,Intel,1,1,148.17875
Dell,Latitude E5570,Notebook,15.6,8,Windows 10,2.09,1046.44,Full HD,1920,1080,No,No,No,Intel,2.4,Core i5 6300U,500,0,HDD,No,Intel,HD Graphics 520,Mid-Range,500,0,0,Intel,0,1,130.805
HP,Elitebook 820,Ultrabook,12.5,4,Windows 10,1.26,1559.0,Standard,1366,768,No,No,No,Intel,2.5,Core i5 7200U,256,0,SSD,No,Intel,HD Graphics 620,Premium,256,1,0,Intel,1,0,389.75
HP,ProBook 650,Notebook,14.0,4,Windows 10,2.31,1189.0,Standard,1366,768,No,No,No,Intel,2.5,Core i5 7200U,500,0,HDD,No,Intel,HD Graphics 620,Mid-Range,500,0,0,Intel,0,0,297.25
HP,ProBook 640,Notebook,14.0,4,Windows 10,1.95,1060.0,Standard,1366,768,No,No,No,Intel,2.5,Core i5 7200U,500,0,HDD,No,Intel,HD Graphics 620,Mid-Range,500,0,0,Intel,0,0,265.0
Dell,XPS 13,Ultrabook,13.3,8,Windows 10,1.29,1624.0,Quad HD+,3200,1800,Yes,No,No,Intel,2.5,Core i5 7200U,256,0,SSD,No,Intel,HD Graphics 620,Premium,256,1,0,Intel,1,1,203.0
HP,Probook 470,Notebook,17.3,8,Windows 10,2.63,1080.0,Full HD,1920,1080,No,No,No,Intel,2.5,Core i5 7200U,256,0,SSD,No,Nvidia,GeForce 930MX,Mid-Range,256,1,0,Intel,0,1,135.0
HP,ProBook 440,Notebook,14.0,4,Windows 10,1.64,973.0,Standard,1366,768,No,No,No,Intel,2.5,Core i5 7200U,256,0,SSD,No,Intel,HD Graphics 620,Mid-Range,256,1,0,Intel,1,0,243.25
Acer,Aspire 3,Notebook,15.6,6,Windows 10,2.1,409.0,Standard,1366,768,No,No,No,AMD,3.0,A9-Series 9420,1024,0,HDD,No,AMD,Radeon R5,Budget,1024,0,0,AMD,0,0,68.16666666666667
MSI,GL72M 7RDX,Gaming,17.3,8,Windows 10,2.7,1191.8,Full HD,1920,1080,No,No,No,Intel,2.8,Core i7 7700HQ,128,1024,SSD,HDD,Nvidia,GeForce GTX 1050,Mid-Range,1152,1,0,Intel,0,1,148.975
HP,Probook 640,Notebook,14.0,8,Windows 7,1.95,1195.0,Full HD,1920,1080,No,No,No,Intel,2.3,Core i5 6200U,256,0,SSD,No,Intel,HD Graphics 520,Mid-Range,256,1,0,Intel,0,1,149.375
HP,EliteBook 850,Notebook,15.6,8,Windows 10,1.84,1228.99,Full HD,1920,1080,No,No,No,Intel,2.5,Core i7 6500U,256,0,SSD,No,Intel,HD Graphics 520,Mid-Range,256,1,0,Intel,0,1,153.62375
HP,EliteBook 820,Ultrabook,12.5,8,Windows 10,1.26,1349.0,Full HD,1920,1080,No,No,No,Intel,2.5,Core i7 6500U,256,0,SSD,No,Intel,HD Graphics 520,Mid-Range,256,1,0,Intel,1,1,168.625
HP,ProBook 450,Notebook,15.6,4,Windows 10,2.04,742.0,Standard,1366,768,No,No,No,Intel,2.5,Core i5 7200U,500,0,HDD,No,Intel,HD Graphics 620,Budget,500,0,0,Intel,0,0,185.5
Toshiba,Tecra Z40-C-136,Ultrabook,14.0,8,Windows 10,1.47,1725.0,Full HD,1920,1080,No,Yes,No,Intel,2.6,Core i7 6600U,256,0,SSD,No,Intel,HD Graphics 520,Premium,256,1,0,Intel,1,1,215.625
Dell,Latitude E5570,Notebook,15.6,8,Windows 7,2.09,1062.95,Full HD,1920,1080,No,No,No,Intel,2.4,Core i5 6300U,256,0,SSD,No,Intel,HD Graphics 520,Mid-Range,256,1,0,Intel,0,1,132.86875
HP,ProBook 440,Notebook,14.0,8,Windows 10,1.64,1010.51,Full HD,1920,1080,No,No,No,Intel,2.5,Core i5 7200U,256,0,SSD,No,Intel,HD Graphics 620,Mid-Range,256,1,0,Intel,1,1,126.31375
Lenovo,Yoga 500-15ISK,2 in 1 Convertible,15.6,4,Windows 10,1.8,847.0,Full HD,1920,1080,Yes,Yes,No,Intel,2.5,Core i7 6500U,256,0,SSD,No,Intel,HD Graphics 520,Mid-Range,256,1,0,Intel,1,1,211.75
Vero,V142 (X5-Z8350/2GB/32GB/W10),Notebook,14.0,2,Windows 10,1.45,210.8,Standard,1366,768,No,No,No,Intel,1.44,Atom X5-Z8350,32,0,Flash Storage,No,Intel,HD Graphics 400,Budget,32,0,0,Intel,1,0,105.4
Toshiba,Tecra A50-C-218,Notebook,15.6,16,Windows 10,2.4,1425.0,Full HD,1920,1080,No,Yes,No,Intel,2.5,Core i7 6500U,256,0,SSD,No,Nvidia,GeForce 930M,Mid-Range,256,1,1,Intel,0,1,89.0625
Lenovo,Thinkpad L560,Notebook,15.6,8,Windows 10,2.3,1049.6,Full HD,1920,1080,No,No,No,Intel,2.3,Core i5 6200U,256,0,SSD,No,Intel,HD Graphics 520,Mid-Range,256,1,0,Intel,0,1,131.2
HP,EliteBook 840,Notebook,14.0,4,Windows 10,1.54,1000.0,Full HD,1920,1080,No,No,No,Intel,2.3,Core i5 6200U,500,0,HDD,No,Intel,HD Graphics 520,Mid-Range,500,0,0,Intel,1,1,250.0
HP,EliteBook 850,Notebook,15.6,8,Windows 10,1.84,2103.34,Full HD,1920,1080,No,No,No,Intel,2.4,Core i5 6300U,256,500,SSD,HDD,Intel,HD Graphics 520,Premium,756,1,0,Intel,0,1,262.9175
HP,EliteBook 1040,Notebook,14.0,8,Windows 7,1.43,1469.0,Full HD,1920,1080,No,No,No,Intel,2.3,Core i5 6200U,256,0,SSD,No,Intel,HD Graphics 520,Mid-Range,256,1,0,Intel,1,1,183.625
MSI,GT72S Dominator,Gaming,17.3,16,Windows 10,3.78,1545.64,Full HD,1920,1080,No,Yes,No,Intel,2.7,Core i7 6820HK,256,1024,SSD,HDD,Nvidia,GeForce GTX 980M,Premium,1280,1,1,Intel,0,1,96.6025
Lenovo,IdeaPad Y900-17ISK,Gaming,17.3,16,Windows 10,4.6,2289.99,Full HD,1920,1080,No,Yes,No,Intel,2.6,Core i7 6700HQ,128,1024,SSD,HDD,Nvidia,GeForce GTX 980M,Premium,1152,1,1,Intel,0,1,143.124375
Asus,Chromebook C202SA,Netbook,11.6,4,Chrome OS,1.2,287.9,Standard,1366,768,No,No,No,Intel,1.6,Celeron Dual Core N3060,16,0,Flash Storage,No,Intel,HD Graphics 400,Budget,16,0,0,Intel,1,0,71.975
Lenovo,ThinkPad X1,Notebook,14.0,16,Windows 7,1.1,2620.0,Standard,2560,1440,No,Yes,No,Intel,2.6,Core i7 6600U,256,0,SSD,No,Intel,HD Graphics 520,Premium,256,1,1,Intel,1,1,163.75
HP,Noteb Pav,Notebook,15.6,8,Windows 10,1.91,979.0,Full HD,1920,1080,No,Yes,No,Intel,2.7,Core i7 7500U,1024,0,HDD,No,Nvidia,GeForce 940MX,Mid-Range,1024,0,0,Intel,0,1,122.375
Dell,Inspiron 5578,2 in 1 Convertible,15.6,8,Windows 10,2.3,1094.0,Full HD,1920,1080,Yes,Yes,No,Intel,2.7,Core i5 7200U,256,0,SSD,No,Intel,HD Graphics 620,Mid-Range,256,1,0,Intel,0,1,136.75
HP,ProBook 450,Notebook,15.6,4,Windows 10,2.04,979.0,Standard,1366,768,No,No,No,Intel,2.5,Core i5 7200U,256,0,SSD,No,Intel,HD Graphics 620,Mid-Range,256,1,0,Intel,0,0,244.75
Dell,XPS 13,Ultrabook,13.3,16,Windows 10,1.2,2254.0,Quad HD+,3200,1800,Yes,No,No,Intel,2.7,Core i7 7500U,1024,0,SSD,No,Intel,HD Graphics 620,Premium,1024,1,1,Intel,1,1,140.875
HP,ProBook 650,Notebook,15.6,4,Windows 10,2.31,705.15,Standard,1366,768,No,No,No,Intel,2.3,Core i3 6100U,500,0,HDD,No,Intel,HD Graphics 520,Budget,500,0,0,Intel,0,0,176.2875
HP,250 G5,Notebook,15.6,4,No OS,1.96,499.0,Standard,1366,768,No,No,No,Intel,2.5,Core i5 7200U,500,0,HDD,No,Intel,HD Graphics 620,Budget,500,0,0,Intel,0,0,124.75
Acer,Aspire ES1-523,Notebook,15.6,8,Windows 10,2.4,449.0,Standard,1366,768,No,No,No,AMD,2.2,A8-Series 7410,1024,0,HDD,No,AMD,Radeon R5,Budget,1024,0,0,AMD,0,0,56.125
Dell,Inspiron 7378,2 in 1 Convertible,13.3,12,Windows 10,1.6,1299.0,Full HD,1920,1080,Yes,Yes,No,Intel,2.7,Core i7 7500U,256,0,SSD,No,Intel,HD Graphics 620,Mid-Range,256,1,0,Intel,1,1,108.25
MSI,GT62VR 6RD,Gaming,15.6,16,Windows 10,2.94,1819.0,Full HD,1920,1080,No,No,No,Intel,2.6,Core i7 6700HQ,256,1024,SSD,HDD,Nvidia,GeForce GTX 1060,Premium,1280,1,1,Intel,0,1,113.6875
HP,ProBook 450,Notebook,15.6,8,Windows 10,2.04,1070.0,Full HD,1920,1080,No,No,No,Intel,2.7,Core i7 7500U,256,0,SSD,No,Intel,HD Graphics 620,Mid-Range,256,1,0,Intel,0,1,133.75
Asus,Rog G752VL-GC088D,Gaming,17.3,16,No OS,4.0,998.0,Full HD,1920,1080,No,Yes,No,Intel,2.6,Core i7 6700HQ,1024,0,HDD,No,Nvidia,GeForce GTX 965M,Mid-Range,1024,0,1,Intel,0,1,62.375
Dell,Inspiron 3567,Notebook,15.6,4,Windows 10,2.25,559.0,Full HD,1920,1080,No,No,No,Intel,2.5,Core i5 7200U,1024,0,HDD,No,Intel,HD Graphics,Budget,1024,0,0,Intel,0,1,139.75
Dell,Inspiron 5567,Notebook,15.6,16,Windows 10,2.32,989.99,Full HD,1920,1080,No,No,No,Intel,2.7,Core i7 7500U,2048,0,HDD,No,AMD,Radeon R7 M445,Mid-Range,2048,0,1,Intel,0,1,61.874375
MSI,GS63VR 6RF,Gaming,15.6,16,Windows 10,1.8,1929.0,Full HD,1920,1080,No,No,No,Intel,2.6,Core i7 6700HQ,256,1024,SSD,HDD,Nvidia,GeForce GTX 1060,Premium,1280,1,1,Intel,1,1,120.5625
Dell,XPS 13,Ultrabook,13.3,8,Windows 10,1.29,1458.0,Full HD,1920,1080,No,No,No,Intel,2.7,Core i7 7500U,256,0,SSD,No,Intel,HD Graphics 620,Mid-Range,256,1,0,Intel,1,1,182.25
Asus,ROG G701VO,Gaming,17.3,64,Windows 10,3.58,3975.0,Full HD,1920,1080,No,Yes,No,Intel,2.7,Core i7 6820HK,1024,0,SSD,No,Nvidia,GeForce GTX 980 ,,1024,1,1,Intel,0,1,62.109375
Dell,Inspiron 5368,2 in 1 Convertible,13.3,8,Windows 10,1.62,798.01,Full HD,1920,1080,Yes,No,No,Intel,2.5,Core i7 6500U,256,0,SSD,No,Intel,HD Graphics 520,Budget,256,1,0,Intel,1,1,99.75125
Dell,Alienware 15,Gaming,15.6,16,Windows 10,3.21,1329.0,4K Ultra HD,3840,2160,No,No,No,Intel,2.6,Core i7 6700HQ,256,1024,SSD,HDD,Nvidia,GeForce GTX 970M,Mid-Range,1280,1,1,Intel,0,1,83.0625
Apple,"MacBook 12""",Ultrabook,12.0,8,Mac OS X,0.92,1300.0,Standard,2304,1440,No,Yes,Yes,Intel,1.1,Core M,256,0,Flash Storage,No,Intel,HD Graphics 515,Mid-Range,256,0,0,Intel,1,1,162.5
Dell,Latitude 3570,Notebook,15.6,4,Windows 10,2.06,481.98,Standard,1366,768,No,No,No,Intel,2.3,Core i3 6100U,500,0,HDD,No,Intel,HD Graphics 520,Budget,500,0,0,Intel,0,0,120.495
HP,ProBook 650,Notebook,15.6,4,Windows 10,2.31,1199.0,Standard,1366,768,No,No,No,Intel,2.3,Core i5 6200U,500,0,HDD,No,Intel,HD Graphics 520,Mid-Range,500,0,0,Intel,0,0,299.75
HP,EliteBook 820,Ultrabook,12.5,8,Windows 7,1.26,1199.0,Full HD,1920,1080,No,No,No,Intel,2.3,Core i5 6200U,256,0,SSD,No,Intel,HD Graphics 520,Mid-Range,256,1,0,Intel,1,1,149.875
HP,ProBook 430,Notebook,13.3,8,Windows 10,1.49,1090.0,Full HD,1920,1080,No,No,No,Intel,2.7,Core i7 7500U,256,0,SSD,No,Intel,HD Graphics 620,Mid-Range,256,1,0,Intel,1,1,136.25
Lenovo,ThinkPad Yoga,Ultrabook,12.5,8,Windows 10,1.3,1713.49,Full HD,1920,1080,Yes,Yes,No,Intel,2.5,Core i7 6500U,256,0,SSD,No,Intel,HD Graphics 520,Premium,256,1,0,Intel,1,1,214.18625
Lenovo,IdeaPad 300-17ISK,Notebook,17.3,8,Windows 10,3.0,659.0,Standard,1600,900,No,No,No,Intel,2.3,Core i5 6200U,1024,0,HDD,No,AMD,Radeon R5 M330,Budget,1024,0,0,Intel,0,0,82.375
Lenovo,Ideapad 700-15ISK,Notebook,15.6,4,Windows 10,2.3,977.0,Full HD,1920,1080,No,Yes,No,Intel,2.3,Core i5 6300HQ,1024,0,HDD,No,Nvidia,GeForce GTX 950M,Mid-Range,1024,0,0,Intel,0,1,244.25
MSI,GT72VR Dominator,Gaming,17.3,16,Windows 10,3.78,2499.0,Full HD,1920,1080,No,No,No,Intel,2.8,Core i7 7700HQ,256,1024,SSD,HDD,Nvidia,GeForce GTX 1070,Premium,1280,1,1,Intel,0,1,156.1875
Lenovo,V110-15ISK (i5-6200U/4GB/500GB/W10),Notebook,15.6,4,Windows 10,2.1,540.0,Standard,1366,768,No,No,No,Intel,2.3,Core i5 6200U,500,0,HDD,No,Intel,HD Graphics 520,Budget,500,0,0,Intel,0,0,135.0
HP,Probook 650,Notebook,15.6,4,Windows 7,2.31,940.0,Full HD,1920,1080,No,No,No,Intel,2.3,Core i5 6200U,500,0,HDD,No,Intel,HD Graphics 520,Mid-Range,500,0,0,Intel,0,1,235.0
Lenovo,Yoga 900S-12ISK,Ultrabook,12.5,8,Windows 10,0.99,1399.0,Standard,2560,1440,Yes,Yes,No,Intel,1.2,Core M 6Y75,512,0,SSD,No,Intel,HD Graphics 515,Mid-Range,512,1,0,Intel,1,1,174.875
Lenovo,IdeaPad Y900-17ISK,Gaming,17.3,32,Windows 10,4.6,3240.0,Full HD,1920,1080,No,Yes,No,Intel,2.7,Core i7 6820HK,512,1024,SSD,Hybrid,Nvidia,GeForce GTX 980M,,1536,1,1,Intel,0,1,101.25
Lenovo,Yoga Book,2 in 1 Convertible,10.1,4,Windows 10,0.69,646.27,Standard,1920,1200,Yes,Yes,No,Intel,1.44,Atom x5-Z8550,64,0,Flash Storage,No,Intel,HD Graphics 400,Budget,64,0,0,Intel,1,1,161.5675
HP,Spectre x360,Ultrabook,13.3,16,Windows 10,1.3,2049.0,4K Ultra HD,3840,2160,No,Yes,No,Intel,2.7,Core i7 7500U,512,0,SSD,No,Intel,HD Graphics 620,Premium,512,1,1,Intel,1,1,128.0625
Dell,Vostro 3568,Notebook,15.6,8,Windows 10,2.18,750.0,Full HD,1920,1080,No,No,No,Intel,2.5,Core i5 7200U,256,0,SSD,No,Intel,HD Graphics 620,Budget,256,1,0,Intel,0,1,93.75
HP,EliteBook 840,Notebook,14.0,4,Windows 7,1.54,1030.99,Full HD,1920,1080,No,No,No,Intel,2.3,Core i5 6200U,500,0,HDD,No,Intel,HD Graphics 520,Mid-Range,500,0,0,Intel,1,1,257.7475
HP,ZBook 15u,Workstation,15.6,8,Windows 7,1.9,1495.0,Full HD,1920,1080,No,No,No,Intel,2.5,Core i7 6500U,256,0,SSD,No,AMD,FirePro W4190M,Mid-Range,256,1,0,Intel,0,1,186.875
Lenovo,ThinkPad T460,Notebook,14.0,8,Windows 7,1.7,1199.0,Full HD,1920,1080,No,No,No,Intel,2.3,Core i5 6200U,180,0,SSD,No,Intel,HD Graphics 520,Mid-Range,180,1,0,Intel,1,1,149.875
HP,Chromebook 13,Notebook,13.3,4,Chrome OS,1.29,615.0,Quad HD+,3200,1800,No,No,No,Intel,1.5,Pentium Dual Core 4405Y,32,0,Flash Storage,No,Intel,HD Graphics 515,Budget,32,0,0,Intel,1,1,153.75
Acer,Aspire ES1-523,Notebook,15.6,4,Windows 10,2.4,387.0,Standard,1366,768,No,No,No,AMD,2.2,A8-Series 7410,500,0,HDD,No,AMD,Radeon R5,Budget,500,0,0,AMD,0,0,96.75
Dell,Inspiron 3552,Notebook,15.6,4,Linux,2.2,393.49,Standard,1366,768,No,No,No,Intel,1.6,Pentium Quad Core N3700,500,0,HDD,No,Intel,HD Graphics,Budget,500,0,0,Intel,0,0,98.3725
HP,250 G6,Notebook,15.6,4,No OS,1.86,345.99,Standard,1366,768,No,No,No,Intel,2.0,Core i3 6006U,1024,0,HDD,No,Intel,HD Graphics 520,Budget,1024,0,0,Intel,0,0,86.4975
Asus,Rog GL702VM-GC354T,Gaming,17.3,8,Windows 10,2.7,1599.0,Full HD,1920,1080,No,Yes,No,Intel,2.8,Core i7 7700HQ,256,1024,SSD,HDD,Nvidia,GeForce GTX 1060,Premium,1280,1,0,Intel,0,1,199.875
Dell,Inspiron 5370,Ultrabook,13.3,4,Windows 10,1.4,818.35,Full HD,1920,1080,No,Yes,No,Intel,1.6,Core i5 8250U,256,0,SSD,No,AMD,Radeon 530,Mid-Range,256,1,0,Intel,1,1,204.5875
HP,Elitebook 820,Netbook,12.5,4,Windows 7,2.4,1599.0,Standard,1366,768,No,No,No,Intel,2.3,Core i5 6200U,128,0,SSD,No,Intel,HD Graphics 520,Premium,128,1,0,Intel,0,0,399.75
Acer,Aspire F5-573G,Notebook,15.6,8,Windows 10,2.4,799.0,Full HD,1920,1080,No,No,No,Intel,2.5,Core i5 7200U,256,1024,SSD,HDD,Nvidia,GeForce GTX 950M,Budget,1280,1,0,Intel,0,1,99.875
Dell,Inspiron 5567,Notebook,15.6,8,Windows 10,2.36,638.8,Full HD,1920,1080,No,No,No,Intel,2.5,Core i5 7200U,1024,0,HDD,No,AMD,Radeon R7 M445,Budget,1024,0,0,Intel,0,1,79.85
MSI,GS70 Stealth,Gaming,17.3,8,Windows 10,2.6,1599.0,Full HD,1920,1080,No,No,No,Intel,2.6,Core i7 6700HQ,256,0,SSD,No,Nvidia,GeForce GTX 965M,Premium,256,1,0,Intel,0,1,199.875
HP,250 G5,Notebook,15.6,4,Windows 10,1.96,500.0,Standard,1366,768,No,No,No,Intel,1.6,Pentium Quad Core N3710,1024,0,HDD,No,Intel,HD Graphics 405,Budget,1024,0,0,Intel,0,0,125.0
Asus,G752VY-GC162T (i7-6700HQ/16GB/1TB,Gaming,17.3,16,Windows 10,4.3,2299.0,Full HD,1920,1080,No,Yes,No,Intel,2.6,Core i7 6700HQ,128,1024,SSD,HDD,Nvidia,GeForce GTX 980M,Premium,1152,1,1,Intel,0,1,143.6875
Dell,Latitude E5270,Ultrabook,12.5,4,Windows 7,1.5,1135.15,Standard,1366,768,No,No,No,Intel,2.3,Core i3 6100U,500,0,HDD,No,Intel,HD Graphics 520,Mid-Range,500,0,0,Intel,1,0,283.7875
Dell,Latitude E5270,Ultrabook,12.5,4,Windows 7,1.5,1166.97,Standard,1366,768,No,No,No,Intel,2.3,Core i3 6100U,128,0,SSD,No,Intel,HD Graphics 520,Mid-Range,128,1,0,Intel,1,0,291.7425
Acer,Chromebook 15,Notebook,15.6,4,Chrome OS,2.2,209.0,Standard,1366,768,No,No,No,Intel,1.5,Celeron Dual Core 3205U,16,0,SSD,No,Intel,HD Graphics,Budget,16,1,0,Intel,0,0,52.25
HP,ZBook 17,Workstation,17.3,8,Windows 7,3.0,2899.0,Full HD,1920,1080,No,Yes,No,Intel,2.6,Core i7 6700HQ,1024,0,HDD,No,AMD,FirePro W6150M,Premium,1024,0,0,Intel,0,1,362.375
Lenovo,Legion Y520-15IKBN,Gaming,15.6,16,Windows 10,2.4,1199.0,Full HD,1920,1080,No,No,No,Intel,2.8,Core i7 7700HQ,512,0,SSD,No,Nvidia,GeForce GTX 1050 Ti,Mid-Range,512,1,1,Intel,0,1,74.9375
Dell,Latitude E5270,Ultrabook,12.5,8,Windows 7,1.5,1413.1,Standard,1366,768,No,No,No,Intel,2.3,Core i5 6200U,256,0,SSD,No,Intel,HD Graphics 520,Mid-Range,256,1,0,Intel,1,0,176.6375
MSI,GE72 Apache,Gaming,17.3,8,Windows 10,2.9,1511.19,Full HD,1920,1080,No,No,No,Intel,2.6,Core i7 6700HQ,128,1024,SSD,HDD,Nvidia,GeForce GTX 960M,Premium,1152,1,0,Intel,0,1,188.89875
Lenovo,Yoga 500-15ISK,2 in 1 Convertible,15.6,4,Windows 10,2.1,867.0,Full HD,1920,1080,Yes,Yes,No,Intel,2.3,Core i5 6200U,256,0,SSD,No,Intel,HD Graphics 520,Mid-Range,256,1,0,Intel,0,1,216.75
HP,15-bw011nv (A6-9220/4GB/1TB/FHD/W10),Notebook,15.6,4,Windows 10,2.1,398.0,Full HD,1920,1080,No,No,No,AMD,2.5,A6-Series 9220,1024,0,HDD,No,AMD,Radeon R4,Budget,1024,0,0,AMD,0,1,99.5
Asus,Rog GL552VW-CN470T,Gaming,15.6,16,Windows 10,2.59,1339.0,Full HD,1920,1080,No,Yes,No,Intel,2.6,Core i7 6700HQ,128,1024,SSD,HDD,Nvidia,GeForce GTX 960M,Mid-Range,1152,1,1,Intel,0,1,83.6875
HP,EliteBook 1030,Notebook,13.3,8,Windows 10,1.16,1699.0,Quad HD+,3200,1800,Yes,No,No,Intel,1.1,Core M 6Y54,256,0,SSD,No,Intel,HD Graphics 515,Premium,256,1,0,Intel,1,1,212.375
Dell,Vostro 3559,Notebook,15.6,4,Windows 7,2.24,769.15,Standard,1366,768,No,No,No,Intel,2.3,Core i5 6200U,500,0,HDD,No,AMD,Radeon R5 M315,Budget,500,0,0,Intel,0,0,192.2875
Lenovo,V110-15ISK (i3-6006U/4GB/128GB/W10),Notebook,15.6,4,Windows 10,2.1,429.0,Standard,1366,768,No,No,No,Intel,2.0,Core i3 6006U,128,0,SSD,No,Intel,HD Graphics 520,Budget,128,1,0,Intel,0,0,107.25
HP,Spectre Pro,Ultrabook,13.3,8,Windows 10,1.16,1969.0,Full HD,1920,1080,No,No,No,Intel,2.5,Core i7 6500U,512,0,SSD,No,Intel,HD Graphics 520,Premium,512,1,0,Intel,1,1,246.125
Lenovo,Yoga Book,2 in 1 Convertible,10.1,4,Android,0.69,549.0,Standard,1920,1200,Yes,Yes,No,Intel,1.44,Atom x5-Z8550,64,0,Flash Storage,No,Intel,HD Graphics 400,Budget,64,0,0,Intel,1,1,137.25
Dell,XPS 13,Ultrabook,13.3,8,Windows 10,1.23,1379.0,Full HD,1920,1080,No,No,No,Intel,2.4,Core i7 7560U,256,0,SSD,No,Intel,Iris Plus Graphics 640,Mid-Range,256,1,0,Intel,1,1,172.375
Lenovo,IdeaPad Y900-17ISK,Gaming,17.3,16,Windows 10,4.6,2749.99,Full HD,1920,1080,No,Yes,No,Intel,2.7,Core i7 6820HK,256,1024,SSD,Hybrid,Nvidia,GeForce GTX 980M,Premium,1280,1,1,Intel,0,1,171.874375
Razer,Blade Stealth,Ultrabook,12.5,8,Windows 10,1.25,1029.0,4K Ultra HD,3840,2160,Yes,No,No,Intel,2.5,Core i7 6500U,256,0,SSD,No,Intel,HD Graphics 520,Mid-Range,256,1,0,Intel,1,1,128.625
Toshiba,Portege X30-D-10K,Ultrabook,13.3,16,Windows 10,1.05,2226.0,Full HD,1920,1080,No,No,No,Intel,2.7,Core i7 7500U,512,0,SSD,No,Intel,HD Graphics 620,Premium,512,1,1,Intel,1,1,139.125
Asus,Rog GL752VW-T4308T,Gaming,17.3,8,Windows 10,3.52,1312.49,Full HD,1920,1080,No,No,No,Intel,2.6,Core i7 6700HQ,128,1024,SSD,HDD,Nvidia,GeForce GTX 960M,Mid-Range,1152,1,0,Intel,0,1,164.06125
Vero,V131 (X5-Z8350/4GB/32GB/FHD/W10),Notebook,13.3,4,Windows 10,1.35,196.0,Full HD,1920,1080,No,No,No,Intel,1.44,Atom X5-Z8350,32,0,Flash Storage,No,Intel,HD Graphics 400,Budget,32,0,0,Intel,1,1,49.0
HP,Spectre Pro,Notebook,13.3,8,Windows 10,1.16,1690.0,Full HD,1920,1080,No,No,No,Intel,2.3,Core i5 6200U,256,0,SSD,No,Intel,HD Graphics 520,Premium,256,1,0,Intel,1,1,211.25
HP,EliteBook 1040,Notebook,14.0,8,Windows 7,1.43,1513.0,Full HD,1920,1080,No,No,No,Intel,2.3,Core i5 6200U,256,0,SSD,No,Intel,HD Graphics 520,Premium,256,1,0,Intel,1,1,189.125
Dell,Latitude E5570,Notebook,15.6,4,Linux,2.09,523.63,Standard,1366,768,No,No,No,Intel,2.3,Core i5 6200U,500,0,HDD,No,Intel,HD Graphics 520,Budget,500,0,0,Intel,0,0,130.9075
Asus,VivoBook Max,Notebook,15.6,4,Windows 10,2.0,435.0,Standard,1366,768,No,No,No,Intel,2.4,Core i3 7100U,1024,0,HDD,No,Intel,HD Graphics 620,Budget,1024,0,0,Intel,0,0,108.75
Lenovo,ThinkPad Yoga,2 in 1 Convertible,14.0,8,Windows 10,1.8,1669.0,Full HD,1920,1080,Yes,Yes,No,Intel,2.5,Core i7 6500U,256,0,SSD,No,Intel,HD Graphics 520,Premium,256,1,0,Intel,1,1,208.625
Lenovo,Yoga Book,2 in 1 Convertible,10.1,4,Windows 10,0.69,479.0,Standard,1920,1200,Yes,Yes,No,Intel,1.44,Atom x5-Z8550,64,0,Flash Storage,No,Intel,HD Graphics 400,Budget,64,0,0,Intel,1,1,119.75
HP,EliteBook 820,Ultrabook,12.5,8,Windows 7,1.26,1895.0,Standard,1366,768,No,No,No,Intel,2.4,Core i5 6300U,256,0,SSD,No,Intel,HD Graphics 520,Premium,256,1,0,Intel,1,0,236.875
Lenovo,Legion Y520-15IKBN,Gaming,15.6,8,No OS,2.4,989.0,Full HD,1920,1080,No,Yes,No,Intel,2.5,Core i5 7300HQ,128,1024,SSD,HDD,Nvidia,GeForce GTX 1060,Mid-Range,1152,1,0,Intel,0,1,123.625
HP,Omen -,Gaming,17.3,8,Windows 10,3.35,1129.0,Full HD,1920,1080,No,Yes,No,Intel,2.3,Core i5 6300HQ,128,1024,SSD,HDD,Nvidia,GeForce GTX 1060,Mid-Range,1152,1,0,Intel,0,1,141.125
HP,15-bs078cl (i7-7500U/8GB/2TB/W10),Notebook,15.6,8,Windows 10,2.04,629.0,Standard,1366,768,No,No,No,Intel,2.7,Core i7 7500U,2048,0,HDD,No,Intel,HD Graphics 620,Budget,2048,0,0,Intel,0,0,78.625
Lenovo,ThinkPad P40,2 in 1 Convertible,14.0,8,Windows 7,1.8,2050.38,Full HD,1920,1080,Yes,Yes,No,Intel,2.6,Core i7 6600U,512,0,SSD,No,Nvidia,Quadro M500M,Premium,512,1,0,Intel,1,1,256.2975
Asus,L403NA-GA013TS (N3350/4GB/32GB/W10),Notebook,14.0,4,Windows 10,1.5,278.0,Standard,1366,768,No,No,No,Intel,1.1,Celeron Dual Core N3350,32,0,Flash Storage,No,Intel,HD Graphics 500,Budget,32,0,0,Intel,1,0,69.5
HP,250 G6,Ultrabook,15.6,8,Windows 10,1.84,752.0,Full HD,1920,1080,No,No,No,Intel,2.7,Core i7 7500U,256,0,SSD,No,Intel,HD Graphics 620,Budget,256,1,0,Intel,0,1,94.0
Acer,Aspire E5-576G,Notebook,15.6,4,Windows 10,2.23,616.0,Full HD,1920,1080,No,No,No,Intel,2.5,Core i5 7200U,1024,0,HDD,No,Nvidia,GeForce 940MX,Budget,1024,0,0,Intel,0,1,154.0
Lenovo,IdeaPad 500-15ISK,Notebook,15.6,16,Windows 10,2.5,1099.0,Full HD,1920,1080,No,No,No,Intel,2.5,Core i7 6500U,1024,0,Hybrid,No,AMD,Radeon R7 M360,Mid-Range,1024,0,1,Intel,0,1,68.6875
HP,ZBook 17,Workstation,17.3,8,Windows 7,3.0,3949.4,Full HD,1920,1080,No,Yes,No,Intel,2.6,Core i7 6700HQ,256,0,SSD,No,Nvidia,Quadro M3000M,,256,1,0,Intel,0,1,493.675
Dell,Inspiron 5567,Notebook,15.6,8,Windows 10,2.5,784.0,Standard,1366,768,No,No,No,Intel,2.5,Core i5 7200U,1024,0,HDD,No,AMD,Radeon R7 M445,Budget,1024,0,0,Intel,0,0,98.0
MSI,GT72S Dominator,Gaming,17.3,16,Windows 10,3.78,2399.0,Full HD,1920,1080,No,No,No,Intel,2.7,Core i7 6820HQ,256,1024,SSD,HDD,Nvidia,GeForce GTX 980M,Premium,1280,1,1,Intel,0,1,149.9375
HP,EliteBook 850,Ultrabook,15.6,8,Windows 7,1.88,2171.72,Full HD,1920,1080,No,No,No,Intel,2.5,Core i7 6500U,256,0,SSD,No,Intel,HD Graphics 520,Premium,256,1,0,Intel,0,1,271.465
Lenovo,ThinkPad X1,2 in 1 Convertible,14.0,16,Windows 10,2.8,2440.0,Standard,2560,1440,Yes,Yes,No,Intel,2.6,Core i7 6600U,512,0,SSD,No,Intel,HD Graphics 520,Premium,512,1,1,Intel,0,1,152.5
MSI,GP62M 7RDX,Gaming,15.6,8,Windows 10,2.4,1142.8,Full HD,1920,1080,No,No,No,Intel,2.8,Core i7 7700HQ,128,1024,SSD,HDD,Nvidia,GeForce GTX 1050,Mid-Range,1152,1,0,Intel,0,1,142.85
HP,Spectre Pro,2 in 1 Convertible,13.3,8,Windows 10,1.48,1629.0,Full HD,1920,1080,Yes,No,No,Intel,2.4,Core i5 6300U,256,0,SSD,No,Intel,HD Graphics 520,Premium,256,1,0,Intel,1,1,203.625
HP,ZBook 15,Workstation,15.6,8,Windows 7,2.59,2229.0,Full HD,1920,1080,No,Yes,No,Intel,2.6,Core i7 6700HQ,256,0,SSD,No,Nvidia,Quadro M1000M,Premium,256,1,0,Intel,0,1,278.625
HP,Spectre Pro,2 in 1 Convertible,13.3,8,Windows 10,1.48,1799.0,Standard,2560,1440,Yes,No,No,Intel,2.6,Core i7 6600U,256,0,SSD,No,Intel,HD Graphics 520,Premium,256,1,0,Intel,1,1,224.875
HP,ZBook Studio,Workstation,15.6,8,Windows 7,2.0,1899.0,Full HD,1920,1080,No,No,No,Intel,2.6,Core i7 6700HQ,256,0,SSD,No,Nvidia,Quadro M1000M,Premium,256,1,0,Intel,0,1,237.375
HP,EliteBook 820,Ultrabook,12.5,8,Windows 7,1.26,2296.95,Full HD,1920,1080,No,No,No,Intel,2.5,Core i7 6500U,256,0,SSD,No,Intel,HD Graphics 520,Premium,256,1,0,Intel,1,1,287.11875
Dell,Vostro 5568,Notebook,15.6,8,Windows 10,2.18,1009.9,Full HD,1920,1080,No,No,No,Intel,2.7,Core i7 7500U,256,0,SSD,No,Nvidia,GeForce 940MX,Mid-Range,256,1,0,Intel,0,1,126.2375
HP,EliteBook 850,Notebook,15.6,8,Windows 7,1.88,1579.0,Full HD,1920,1080,No,No,No,Intel,2.3,Core i5 6200U,256,0,SSD,No,Intel,HD Graphics 520,Premium,256,1,0,Intel,0,1,197.375
Lenovo,ThinkPad X1,2 in 1 Convertible,14.0,8,Windows 10,1.27,2339.0,Standard,2560,1440,Yes,Yes,No,Intel,2.5,Core i7 6500U,256,0,SSD,No,Intel,HD Graphics 520,Premium,256,1,0,Intel,1,1,292.375
Lenovo,V110-15ISK (i3-6006U/4GB/1TB/No,Notebook,15.6,4,No OS,1.9,339.0,Standard,1366,768,No,No,No,Intel,2.0,Core i3 6006U,1024,0,HDD,No,Intel,HD Graphics 520,Budget,1024,0,0,Intel,0,0,84.75
HP,15-BA015wm (E2-7110/4GB/500GB/W10),Notebook,15.6,4,Windows 10,1.86,297.0,Standard,1366,768,No,No,No,AMD,1.8,E-Series 7110,500,0,HDD,No,AMD,Radeon R2 Graphics,Budget,500,0,0,AMD,0,0,74.25
Lenovo,B51-80 (i5-6200U/8GB/1TB/Radeon,Notebook,15.6,8,No OS,2.32,599.0,Full HD,1920,1080,No,No,No,Intel,2.3,Core i5 6200U,1024,0,HDD,No,AMD,Radeon R5 M330,Budget,1024,0,0,Intel,0,1,74.875
Dell,Inspiron 7567,Gaming,15.6,8,Windows 10,2.62,1199.0,Full HD,1920,1080,No,No,No,Intel,2.8,Core i7 7700HQ,1024,0,HDD,No,Nvidia,GeForce GTX 1050Ti,Mid-Range,1024,0,0,Intel,0,1,149.875
Dell,XPS 15,Notebook,15.6,8,Windows 10,2.04,2250.68,4K Ultra HD,3840,2160,Yes,Yes,No,Intel,2.3,Core i5 6300HQ,256,0,SSD,No,Nvidia,GeForce 960M,Premium,256,1,0,Intel,0,1,281.335
HP,15-bw002nv (A6-9220/4GB/256GB/Radeon,Notebook,15.6,4,Windows 10,1.91,478.89,Full HD,1920,1080,No,No,No,AMD,2.5,A6-Series A6-9220,256,0,SSD,No,AMD,Radeon 520,Budget,256,1,0,AMD,0,1,119.7225
MSI,GP72M 7REX,Gaming,17.3,16,Windows 10,2.7,1492.8,Full HD,1920,1080,No,No,No,Intel,2.8,Core i7 7700HQ,256,1024,SSD,HDD,Nvidia,GeForce GTX 1050 Ti,Mid-Range,1280,1,1,Intel,0,1,93.3
Lenovo,ThinkPad T460s,Ultrabook,14.0,12,Windows 7,1.4,2299.0,Full HD,1920,1080,No,No,No,Intel,2.6,Core i7 6600U,512,0,SSD,No,Intel,HD Graphics 520,Premium,512,1,0,Intel,1,1,191.58333333333334
Lenovo,B51-80 (i5-6200U/8GB/1008GB/Radeon,Notebook,15.6,8,Windows 10,2.5,788.49,Full HD,1920,1080,No,No,No,Intel,2.3,Core i5 6200U,1024,0,Hybrid,No,AMD,Radeon R5 M330,Budget,1024,0,0,Intel,0,1,98.56125
HP,Spectre Pro,2 in 1 Convertible,13.3,8,Windows 10,1.48,2041.0,Standard,2560,1440,Yes,No,No,Intel,2.6,Core i7 6600U,512,0,SSD,No,Intel,HD Graphics 520,Premium,512,1,0,Intel,1,1,255.125
Lenovo,ThinkPad T460,Ultrabook,14.0,8,Windows 7,1.7,1499.0,Full HD,1920,1080,No,No,No,Intel,2.6,Core i7 6600U,256,0,SSD,No,Intel,HD Graphics 520,Mid-Range,256,1,0,Intel,1,1,187.375
MSI,GS40 Phantom,Gaming,14.0,16,Windows 10,1.7,1769.0,Full HD,1920,1080,No,No,No,Intel,2.6,Core i7 6700HQ,256,1024,SSD,HDD,Nvidia,GeForce GTX 970M,Premium,1280,1,1,Intel,1,1,110.5625
HP,Pavilion 15-cb003nv,Gaming,15.6,8,Windows 10,2.62,899.0,Full HD,1920,1080,No,Yes,No,Intel,2.8,Core i7 7700HQ,1024,0,HDD,No,Nvidia,GeForce GTX 1050,Mid-Range,1024,0,0,Intel,0,1,112.375
Lenovo,IdeaPad 310-15ISK,Notebook,15.6,8,Windows 10,2.2,459.0,Standard,1366,768,No,No,No,Intel,2.0,Core i3 6006U,1024,0,HDD,No,Intel,HD Graphics 520,Budget,1024,0,0,Intel,0,0,57.375
HP,250 G4,Notebook,15.6,4,No OS,2.1,476.99,Standard,1366,768,No,No,No,Intel,2.3,Core i5 6200U,500,0,HDD,No,Intel,HD Graphics 520,Budget,500,0,0,Intel,0,0,119.2475
Dell,Inspiron 7567,Gaming,15.6,8,Windows 10,2.62,1498.0,4K Ultra HD,3840,2160,No,No,No,Intel,2.8,Core i7 7700HQ,128,1024,SSD,HDD,Nvidia,GeForce GTX 1050 Ti,Mid-Range,1152,1,0,Intel,0,1,187.25
Lenovo,ThinkPad T570,Notebook,15.6,8,Windows 10,1.95,1390.0,Full HD,1920,1080,No,Yes,No,Intel,2.5,Core i5 7200U,256,0,SSD,No,Intel,HD Graphics 620,Mid-Range,256,1,0,Intel,0,1,173.75
Lenovo,320-15ISK (i3-6006U/4GB/1TB/GeForce,Notebook,15.6,4,Windows 10,2.2,468.0,Full HD,1920,1080,No,No,No,Intel,2.0,Core i3 6006U,1024,0,HDD,No,Nvidia,GeForce 920MX ,Budget,1024,0,0,Intel,0,1,117.0
HP,Stream 14-AX000nv,Notebook,14.0,2,Windows 10,1.44,249.0,Standard,1366,768,No,No,No,Intel,1.6,Celeron Dual Core N3060,32,0,Flash Storage,No,Intel,HD Graphics 400,Budget,32,0,0,Intel,1,0,124.5
MSI,PL60 7RD,Gaming,15.6,8,Windows 10,2.2,839.0,Full HD,1920,1080,No,Yes,No,Intel,2.7,Core i7 7500U,1024,0,HDD,No,Nvidia,GeForce GTX 1050,Mid-Range,1024,0,0,Intel,0,1,104.875
HP,250 G5,Notebook,15.6,8,Windows 10,1.96,679.0,Full HD,1920,1080,No,No,No,Intel,2.5,Core i7 6500U,256,0,SSD,No,Intel,HD Graphics 520,Budget,256,1,0,Intel,0,1,84.875
HP,ProBook 450,Notebook,15.6,16,Windows 10,2.1,1159.0,Full HD,1920,1080,No,No,No,Intel,1.8,Core i7 8550U,512,0,SSD,No,Intel,UHD Graphics 620,Mid-Range,512,1,1,Intel,0,1,72.4375
Asus,X553SA-XX021T (N3050/4GB/500GB/W10),Notebook,15.6,4,Windows 10,2.2,369.0,Standard,1366,768,No,No,No,Intel,1.6,Celeron Dual Core N3050,500,0,HDD,No,Intel,HD Graphics,Budget,500,0,0,Intel,0,0,92.25
Lenovo,V110-15ISK (i5-6200U/4GB/500GB/No,Notebook,15.6,4,No OS,2.1,398.0,Standard,1366,768,No,No,No,Intel,2.3,Core i5 6200U,500,0,HDD,No,Intel,HD Graphics 520,Budget,500,0,0,Intel,0,0,99.5
Lenovo,IdeaPad 510-15IKB,Notebook,15.6,8,No OS,2.2,709.0,Full HD,1920,1080,No,No,No,Intel,2.7,Core i7 7500U,1024,0,HDD,No,Nvidia,GeForce 940MX,Budget,1024,0,0,Intel,0,1,88.625
Asus,UX410UA-GV097T (i3-7100U/4GB/256GB/FHD/W10),Notebook,14.0,4,Windows 10,2.0,769.0,Full HD,1920,1080,No,No,No,Intel,2.4,Core i3 7100U,256,0,SSD,No,Intel,HD Graphics 620,Budget,256,1,0,Intel,0,1,192.25
Lenovo,B51-80 (i7-6500U/4GB/1008GB/FHD/W7),Notebook,15.6,4,Windows 7,2.32,825.0,Full HD,1920,1080,No,No,No,Intel,2.5,Core i7 6500U,1024,0,Hybrid,No,Intel,HD Graphics 520,Mid-Range,1024,0,0,Intel,0,1,206.25
Lenovo,IdeaPad Y700-15ISK,Gaming,15.6,16,Windows 10,3.31,1305.0,Full HD,1920,1080,No,Yes,No,Intel,2.6,Core i7 6700HQ,512,0,SSD,No,Nvidia,GeForce GTX 960,Mid-Range,512,1,1,Intel,0,1,81.5625
MSI,GS60 Ghost,Gaming,15.6,16,Windows 10,1.91,2153.37,Full HD,1920,1080,No,No,No,Intel,2.6,Core i7 6700HQ,128,1024,SSD,HDD,Nvidia,GeForce GTX 970M,Premium,1152,1,1,Intel,0,1,134.585625
HP,ProBook 450,Notebook,15.6,4,Windows 10,2.07,650.0,Standard,1366,768,No,No,No,Intel,2.3,Core i3 6100U,500,0,HDD,No,Intel,HD Graphics 520,Budget,500,0,0,Intel,0,0,162.5
Lenovo,ThinkPad X1,2 in 1 Convertible,14.0,8,Windows 10,1.36,1637.0,Standard,2560,1440,Yes,Yes,No,Intel,2.3,Core i5 6200U,256,0,SSD,No,Intel,HD Graphics 520,Premium,256,1,0,Intel,1,1,204.625
Lenovo,IdeaPad 310-15IKB,Ultrabook,15.6,6,Windows 10,1.54,831.0,Full HD,1920,1080,No,No,No,Intel,2.7,Core i7 7500U,256,0,SSD,No,Nvidia,GeForce 920M,Mid-Range,256,1,0,Intel,1,1,138.5
Dell,Vostro 5568,Notebook,15.6,8,Linux,1.98,895.01,Full HD,1920,1080,No,No,No,Intel,2.7,Core i7 7500U,256,0,SSD,No,Nvidia,GeForce GT 940MX,Mid-Range,256,1,0,Intel,0,1,111.87625
Acer,Aspire 3,Notebook,15.6,4,Windows 10,2.1,333.0,Standard,1366,768,No,No,No,Intel,2.0,Celeron Dual Core N3350,500,0,HDD,No,Intel,HD Graphics 500,Budget,500,0,0,Intel,0,0,83.25
HP,Pavilion 15-BC000nv,Notebook,15.6,6,Windows 10,2.18,799.0,Full HD,1920,1080,No,Yes,No,Intel,2.6,Core i7 6700HQ,1024,0,HDD,No,Nvidia,GeForce GTX 960M,Budget,1024,0,0,Intel,0,1,133.16666666666666
Asus,Rog GL552VW-DM201T,Gaming,15.6,8,Windows 10,2.591,909.0,Full HD,1920,1080,No,Yes,No,Intel,2.6,Core i7 6700HQ,256,1024,SSD,HDD,Nvidia,GeForce GTX 960M,Mid-Range,1280,1,0,Intel,0,1,113.625
Dell,Inspiron 5578,2 in 1 Convertible,15.6,16,Windows 10,2.09,1179.0,Full HD,1920,1080,Yes,No,No,Intel,2.7,Core i7 7500U,512,0,SSD,No,Intel,HD Graphics 620,Mid-Range,512,1,1,Intel,0,1,73.6875
Acer,Aspire E5-576G,Notebook,15.6,4,Windows 10,2.23,691.0,Full HD,1920,1080,No,No,No,Intel,2.5,Core i5 7200U,256,0,SSD,No,Nvidia,GeForce 940MX,Budget,256,1,0,Intel,0,1,172.75
Dell,XPS 13,Ultrabook,13.3,8,Linux,1.23,1099.0,Quad HD+,3200,1800,Yes,No,No,Intel,2.4,Core i5 6300U,256,0,SSD,No,Intel,HD Graphics 520,Mid-Range,256,1,0,Intel,1,1,137.375
Acer,Predator G9-793,Gaming,17.3,16,Windows 10,4.2,2599.0,Full HD,1920,1080,No,Yes,No,Intel,2.8,Core i7 7700HQ,256,1024,SSD,HDD,Nvidia,GeForce GTX 1070,Premium,1280,1,1,Intel,0,1,162.4375
Lenovo,Legion Y520-15IKBN,Gaming,15.6,8,Windows 10,2.4,819.0,Full HD,1920,1080,No,Yes,No,Intel,2.5,Core i5 7300HQ,1024,0,HDD,No,Nvidia,GeForce GTX 1050,Mid-Range,1024,0,0,Intel,0,1,102.375
Samsung,Chromebook Plus,2 in 1 Convertible,12.3,4,Chrome OS,1.15,659.0,Standard,2400,1600,Yes,Yes,No,Samsung,2.0,Cortex A72&A53,32,0,Flash Storage,No,ARM,Mali T860 MP4,Budget,32,0,0,Samsung,1,1,164.75
HP,250 G6,Notebook,15.6,4,Windows 10,1.86,485.0,Standard,1366,768,No,No,No,Intel,2.5,Core i5 7200U,500,0,HDD,No,Intel,HD Graphics 620,Budget,500,0,0,Intel,0,0,121.25
Apple,"MacBook 12""",Ultrabook,12.0,8,Mac OS X,0.92,1163.0,Standard,2304,1440,No,Yes,Yes,Intel,1.1,Core M,256,0,Flash Storage,No,Intel,HD Graphics 5300,Mid-Range,256,0,0,Intel,1,1,145.375
Dell,Inspiron 7378,2 in 1 Convertible,13.3,8,Windows 10,1.6,1199.0,Full HD,1920,1080,Yes,Yes,No,Intel,2.5,Core i5 7200U,256,0,SSD,No,Intel,HD Graphics 620,Mid-Range,256,1,0,Intel,1,1,149.875
HP,Pavilion Power,Notebook,15.6,12,Windows 10,2.21,1327.0,Full HD,1920,1080,No,Yes,No,Intel,2.8,Core i7 7700HQ,128,1024,SSD,HDD,Nvidia,GeForce GTX 1050,Mid-Range,1152,1,0,Intel,0,1,110.58333333333333
Lenovo,V110-15ISK (i3-6006U/4GB/1TB/Radeon,Notebook,15.6,4,No OS,1.9,368.0,Standard,1366,768,No,No,No,Intel,2.0,Core i3 6006U,1024,0,HDD,No,AMD,Radeon R5 M430,Budget,1024,0,0,Intel,0,0,92.0
Asus,Rog G752VY-GC229T,Gaming,17.3,16,Windows 10,4.3,2150.0,Full HD,1920,1080,No,Yes,No,Intel,2.6,Core i7 6700HQ,512,1024,SSD,HDD,Nvidia,GeForce GTX 980M,Premium,1536,1,1,Intel,0,1,134.375
Acer,Aspire 3,Notebook,15.6,4,Linux,2.1,272.0,Standard,1366,768,No,No,No,Intel,2.0,Celeron Dual Core N3350,1024,0,HDD,No,Intel,HD Graphics 500,Budget,1024,0,0,Intel,0,0,68.0
MSI,GS73VR 7RF,Gaming,17.3,16,Windows 10,2.43,2048.9,Full HD,1920,1080,No,No,No,Intel,2.8,Core i7 7700HQ,256,1024,SSD,HDD,Nvidia,GeForce GTX 1060,Premium,1280,1,1,Intel,0,1,128.05625
Dell,Inspiron 5567,Notebook,15.6,4,Windows 10,2.3,499.0,Standard,1366,768,No,No,No,Intel,2.0,Core i3 6006U,128,0,SSD,No,AMD,Radeon R7 M440,Budget,128,1,0,Intel,0,0,124.75
Lenovo,IdeaPad 310-15ISK,Notebook,15.6,8,No OS,2.2,629.0,Standard,1366,768,No,No,No,Intel,2.5,Core i7 6500U,500,0,HDD,No,Nvidia,GeForce 920MX,Budget,500,0,0,Intel,0,0,78.625
Dell,Inspiron 5579,2 in 1 Convertible,15.6,16,Windows 10,2.0,1285.0,Full HD,1920,1080,Yes,No,No,Intel,1.8,Core i7 8550U,512,0,SSD,No,Intel,UHD Graphics 620,Mid-Range,512,1,1,Intel,0,1,80.3125
Dell,XPS 13,Ultrabook,13.3,16,Windows 10,1.2,2680.0,Quad HD+,3200,1800,Yes,No,No,Intel,2.7,Core i7 7500U,512,0,SSD,No,Intel,HD Graphics 620,Premium,512,1,1,Intel,1,1,167.5
Asus,FX502VM-DM105T (i7-6700HQ/8GB/1TB/GeForce,Gaming,15.6,8,Windows 10,2.2,1169.0,Full HD,1920,1080,No,No,No,Intel,2.6,Core i7 6700HQ,1024,0,HDD,No,Nvidia,GeForce GTX 1060,Mid-Range,1024,0,0,Intel,0,1,146.125
Dell,Inspiron 5567,Notebook,15.6,8,Windows 10,2.36,889.0,Full HD,1920,1080,No,No,No,Intel,2.5,Core i5 7200U,256,0,SSD,No,AMD,Radeon R7 M445,Mid-Range,256,1,0,Intel,0,1,111.125
HP,15-bs025nv (i5-7200U/8GB/256GB/W10),Notebook,15.6,8,Windows 10,1.91,579.0,Standard,1366,768,No,No,No,Intel,2.5,Core i5 7200U,256,0,SSD,No,Intel,HD Graphics 620,Budget,256,1,0,Intel,0,0,72.375
Lenovo,IdeaPad 320-15AST,Notebook,15.6,4,Windows 10,2.2,299.0,Standard,1366,768,No,No,No,AMD,2.2,E-Series 9000,500,0,HDD,No,AMD,Radeon R2 Graphics,Budget,500,0,0,AMD,0,0,74.75
Acer,Aspire E5-774G,Notebook,17.3,8,Windows 10,3.3,629.0,Standard,1600,900,No,No,No,Intel,2.0,Core i3 6006U,1024,0,HDD,No,Nvidia,GeForce 940MX,Budget,1024,0,0,Intel,0,0,78.625
Asus,Rog Strix,Gaming,15.6,16,Windows 10,2.2,2449.0,Full HD,1920,1080,No,No,No,Intel,2.8,Core i7 7700HQ,256,1024,SSD,HDD,Nvidia,GeForce GTX 1070,Premium,1280,1,1,Intel,0,1,153.0625
Apple,"MacBook 12""",Ultrabook,12.0,8,Mac OS X,0.92,1279.0,Standard,2304,1440,No,Yes,Yes,Intel,1.2,Core M,512,0,Flash Storage,No,Intel,HD Graphics 515,Mid-Range,512,0,0,Intel,1,1,159.875
Asus,FX502VM-AS73 (i7-7700HQ/16GB/1TB,Notebook,15.6,16,Windows 10,2.2,1749.0,Full HD,1920,1080,No,No,No,Intel,2.8,Core i7 7700HQ,128,1024,SSD,HDD,Nvidia,GeForce GTX 1060,Premium,1152,1,1,Intel,0,1,109.3125
MSI,GS73VR Stealth,Gaming,17.3,16,Windows 10,2.43,1948.99,Full HD,1920,1080,No,Yes,No,Intel,2.6,Core i7 6700HQ,256,1024,SSD,HDD,Nvidia,GeForce GTX 1060,Premium,1280,1,1,Intel,0,1,121.811875
Dell,Inspiron 7579,2 in 1 Convertible,15.6,8,Windows 10,2.191,999.0,Full HD,1920,1080,Yes,Yes,No,Intel,2.5,Core i5 7200U,256,0,SSD,No,Intel,HD Graphics 620,Mid-Range,256,1,0,Intel,0,1,124.875
Asus,ROG Strix,Gaming,17.3,16,Windows 10,2.9,1949.0,Full HD,1920,1080,No,No,No,Intel,2.8,Core i7 7700HQ,256,1024,SSD,HDD,Nvidia,GeForce GTX 1060,Premium,1280,1,1,Intel,0,1,121.8125
Acer,C740-C9QX (3205U/2GB/32GB/Chrome,Netbook,11.6,2,Chrome OS,1.3,174.0,Standard,1366,768,No,No,No,Intel,1.5,Celeron Dual Core 3205U,32,0,SSD,No,Intel,HD Graphics,Budget,32,1,0,Intel,1,0,87.0
Acer,E5 774G,Notebook,17.3,4,Windows 10,3.3,598.0,Standard,1600,900,No,No,No,Intel,2.0,Core i3 6006U,1024,0,HDD,No,Nvidia,GeForce 940MX,Budget,1024,0,0,Intel,0,0,149.5
Lenovo,IdeaPad 320-17IKB,Notebook,17.3,8,No OS,2.8,539.0,Standard,1600,900,No,No,No,Intel,2.5,Core i5 7200U,1024,0,HDD,No,Intel,HD Graphics 620,Budget,1024,0,0,Intel,0,0,67.375
Lenovo,IdeaPad Y700-15ISK,Gaming,15.6,8,Windows 10,2.6,1272.0,Full HD,1920,1080,No,Yes,No,Intel,2.6,Core i7 6700HQ,128,1024,SSD,HDD,Nvidia,GeForce GTX 960<U+039C>,Mid-Range,1152,1,0,Intel,0,1,159.0
Acer,SP714-51 (i7-7Y75/8GB/256GB/FHD/W10),2 in 1 Convertible,14.0,8,Windows 10,1.2,1149.0,Full HD,1920,1080,Yes,Yes,No,Intel,1.3,Core i7 7Y75,256,0,SSD,No,Intel,HD Graphics 615,Mid-Range,256,1,0,Intel,1,1,143.625
Lenovo,Thinkpad T560,Notebook,15.6,8,Windows 10,2.3,1529.0,Full HD,1920,1080,No,Yes,No,Intel,2.6,Core i7 6600U,256,0,SSD,No,Intel,HD Graphics 520,Premium,256,1,0,Intel,0,1,191.125
MSI,GP62MVR 6RF,Gaming,15.6,8,Windows 10,2.2,1476.11,Full HD,1920,1080,No,No,No,Intel,2.6,Core i7 6700HQ,128,1024,SSD,HDD,Nvidia,GeForce GTX 1060,Mid-Range,1152,1,0,Intel,0,1,184.51375
HP,15-bw009nv (A12-9720P/6GB/1TB/Radeon,Notebook,15.6,6,Windows 10,2.1,529.0,Full HD,1920,1080,No,No,No,AMD,2.7,A12-Series 9720P,1024,0,HDD,No,AMD,Radeon 530,Budget,1024,0,0,AMD,0,1,88.16666666666667
Dell,Latitude E7270,Ultrabook,12.5,8,Windows 7,1.26,1713.37,Full HD,1920,1080,Yes,No,No,Intel,2.4,Core i5 6300U,256,0,SSD,No,Intel,HD Graphics 520,Premium,256,1,0,Intel,1,1,214.17125
Dell,Inspiron 5578,2 in 1 Convertible,15.0,4,Windows 10,2.08,509.0,Full HD,1920,1080,Yes,No,No,Intel,2.4,Core i3 7100U,500,0,HDD,No,Intel,HD Graphics 620,Budget,500,0,0,Intel,0,1,127.25
Asus,X540SA-RBPDN09 (N3710/4GB/1TB/W10),Notebook,15.6,4,Windows 10,2.65,309.0,Standard,1366,768,No,No,No,Intel,1.6,Pentium Quad Core N3710,1024,0,HDD,No,Intel,HD Graphics 405,Budget,1024,0,0,Intel,0,0,77.25
Dell,XPS 13,Ultrabook,13.3,8,Windows 10,1.29,1477.0,Quad HD+,3200,1800,Yes,No,No,Intel,2.7,Core i7 7500U,256,0,SSD,No,Intel,HD Graphics 620,Mid-Range,256,1,0,Intel,1,1,184.625
Dell,Vostro 3568,Notebook,15.6,4,Linux,2.18,521.86,Standard,1366,768,No,No,No,Intel,2.5,Core i5 7200U,1024,0,HDD,No,Intel,HD Graphics 520,Budget,1024,0,0,Intel,0,0,130.465
Lenovo,IdeaPad Y700-15ISK,Gaming,15.6,16,Windows 10,2.6,1029.0,Full HD,1920,1080,Yes,Yes,No,Intel,2.6,Core i7 6700HQ,128,1024,SSD,HDD,Nvidia,GeForce GTX 960M,Mid-Range,1152,1,1,Intel,0,1,64.3125
MSI,GL62M 7RDX,Gaming,15.6,8,Windows 10,2.2,1149.0,Full HD,1920,1080,No,No,No,Intel,2.8,Core i7 7700HQ,128,1024,SSD,HDD,Nvidia,GeForce GTX 1050,Mid-Range,1152,1,0,Intel,0,1,143.625
Lenovo,ThinkPad Yoga,Netbook,12.5,16,Windows 10,1.3,1650.0,Full HD,1920,1080,Yes,Yes,No,Intel,2.5,Core i7 6500U,512,0,SSD,No,Intel,HD Graphics 520,Premium,512,1,1,Intel,1,1,103.125
Razer,Blade Pro,Gaming,14.0,16,Windows 10,1.95,3499.0,Full HD,1920,1080,No,No,No,Intel,2.8,Core i7 7700HQ,1024,0,SSD,No,Nvidia,GeForce GTX 1060,,1024,1,1,Intel,0,1,218.6875
Dell,Inspiron 3567,Notebook,15.6,8,Windows 10,2.3,469.01,Standard,1366,768,Yes,No,No,Intel,2.4,Core i3 7100U,1024,0,HDD,No,Intel,HD Graphics 620,Budget,1024,0,0,Intel,0,0,58.62625
MSI,GE72VR Apache,Gaming,17.3,16,Windows 10,2.7,1598.0,Full HD,1920,1080,No,No,No,Intel,2.8,Core i7 7700HQ,256,1024,SSD,HDD,Nvidia,GeForce GTX 1060,Premium,1280,1,1,Intel,0,1,99.875
Apple,MacBook Air,Ultrabook,11.6,4,Mac OS X,1.08,959.0,Standard,1366,768,No,No,No,Intel,1.6,Core i5,256,0,Flash Storage,No,Intel,HD Graphics 6000,Mid-Range,256,0,0,Intel,1,0,239.75
HP,15-bs023nv (i3-6006U/4GB/1TB/FHD/W10),Notebook,15.6,4,Windows 10,2.1,478.0,Full HD,1920,1080,No,No,No,Intel,2.0,Core i3 6006U,1024,0,HDD,No,Intel,HD Graphics 520,Budget,1024,0,0,Intel,0,1,119.5
HP,EliteBook 840,Ultrabook,14.0,8,Windows 7,1.54,2198.19,Standard,2560,1440,No,No,No,Intel,2.5,Core i7 6500U,256,0,SSD,No,Intel,HD Graphics 520,Premium,256,1,0,Intel,1,1,274.77375
Dell,Vostro 3559,Notebook,15.6,4,Windows 7,2.24,737.0,Standard,1366,768,No,No,No,Intel,2.3,Core i5 6200U,500,0,HDD,No,Intel,HD Graphics 520,Budget,500,0,0,Intel,0,0,184.25
MSI,GL62 6QF,Gaming,15.6,8,Windows 10,2.3,1169.0,Full HD,1920,1080,No,No,No,Intel,2.6,Core i7 6700HQ,128,1024,SSD,HDD,Nvidia,GeForce GTX 960M,Mid-Range,1152,1,0,Intel,0,1,146.125
Lenovo,ThinkPad 13,Notebook,13.3,16,Windows 10,1.4,1499.0,Full HD,1920,1080,No,Yes,No,Intel,2.7,Core i7 7500U,512,0,SSD,No,Intel,HD Graphics 620,Mid-Range,512,1,1,Intel,1,1,93.6875
Lenovo,IdeaPad 320-15ABR,Notebook,15.6,6,Windows 10,2.2,597.57,Full HD,1920,1080,No,No,No,AMD,3.6,A12-Series 9720P,256,0,SSD,No,AMD,Radeon 530,Budget,256,1,0,AMD,0,1,99.59500000000001
Asus,ZenBook UX310UA-WB71,Ultrabook,13.3,8,Windows 10,1.45,1280.0,Full HD,1920,1080,No,No,No,Intel,2.5,Core i7 6500U,256,0,SSD,No,Intel,HD Graphics 520,Mid-Range,256,1,0,Intel,1,1,160.0
Acer,Aspire ES1-572,Notebook,15.6,4,Linux,2.4,361.8,Standard,1366,768,No,No,No,Intel,2.0,Core i3 6006U,500,0,HDD,No,Intel,HD Graphics 520,Budget,500,0,0,Intel,0,0,90.45
Dell,Inspiron 7779,2 in 1 Convertible,17.3,16,Windows 10,2.77,1799.0,Full HD,1920,1080,Yes,No,No,Intel,2.7,Core i7 7500U,512,0,SSD,No,Nvidia,GeForce 940MX,Premium,512,1,1,Intel,0,1,112.4375
HP,EliteBook 840,Notebook,14.0,4,Windows 7,1.54,1099.99,Full HD,1920,1080,No,No,No,Intel,2.3,Core i5 6200U,256,0,SSD,No,Intel,HD Graphics 520,Mid-Range,256,1,0,Intel,1,1,274.9975
Asus,Rog GL553VE-FY052T,Gaming,15.6,16,Windows 10,2.5,1600.0,Full HD,1920,1080,No,Yes,No,Intel,2.8,Core i7 7700HQ,256,1024,SSD,HDD,Nvidia,GeForce GTX 1050 Ti,Premium,1280,1,1,Intel,0,1,100.0
Dell,Latitude 5480,Notebook,14.0,4,Windows 10,1.6,875.0,Standard,1366,768,No,No,No,Intel,2.5,Core i5 7200U,500,0,HDD,No,Intel,HD Graphics 620,Mid-Range,500,0,0,Intel,1,0,218.75
Asus,Rog GL502VS,Gaming,15.6,16,Windows 10,2.34,2325.0,Full HD,1920,1080,No,Yes,No,Intel,2.6,Core i7 6700HQ,256,1024,SSD,HDD,Nvidia,GeForce GTX 1070,Premium,1280,1,1,Intel,0,1,145.3125
Lenovo,V510-15IKB (i5-7200U/8GB/256GB/FHD/No,Notebook,15.6,8,No OS,2.3,573.0,Full HD,1920,1080,No,Yes,No,Intel,2.5,Core i5 7200U,256,0,SSD,No,Intel,HD Graphics 620,Budget,256,1,0,Intel,0,1,71.625
Dell,XPS 13,2 in 1 Convertible,13.3,8,Windows 10,1.24,1813.0,Quad HD+,3200,1800,Yes,No,No,Intel,1.2,Core i5 7Y54,256,0,SSD,No,Intel,HD Graphics 615,Premium,256,1,0,Intel,1,1,226.625
Dell,Inspiron 3552,Notebook,15.6,4,Linux,2.2,324.0,Standard,1366,768,No,No,No,Intel,1.6,Pentium Quad Core N3710,500,0,HDD,No,Intel,HD Graphics,Budget,500,0,0,Intel,0,0,81.0
HP,255 G6,Notebook,15.6,4,Windows 10,1.86,399.0,Standard,1366,768,No,No,No,AMD,2.5,A6-Series 9220,500,0,HDD,No,AMD,Radeon R4 Graphics,Budget,500,0,0,AMD,0,0,99.75
Lenovo,IdeaPad 310-15ISK,Notebook,15.6,6,Windows 10,2.4,569.0,Full HD,1920,1080,No,No,No,Intel,2.3,Core i3 6100U,128,0,SSD,No,Nvidia,GeForce 920MX,Budget,128,1,0,Intel,0,1,94.83333333333333
Lenovo,ThinkPad L460,Notebook,14.0,8,Windows 10,1.9,1072.0,Full HD,1920,1080,No,Yes,No,Intel,2.3,Core i5 6200U,256,0,SSD,No,Intel,HD Graphics 520,Mid-Range,256,1,0,Intel,0,1,134.0
Dell,Inspiron 3552,Notebook,15.6,4,Windows 10,2.2,443.99,Standard,1366,768,No,No,No,Intel,1.6,Pentium Quad Core N3700,500,0,HDD,No,Intel,HD Graphics,Budget,500,0,0,Intel,0,0,110.9975
Asus,X541NA-GO020T (N3350/4GB/1TB/W10),Notebook,15.6,4,Windows 10,2.0,339.0,Standard,1366,768,No,No,No,Intel,1.1,Celeron Dual Core N3350,1024,0,HDD,No,Intel,HD Graphics 500,Budget,1024,0,0,Intel,0,0,84.75
Asus,Rog G752VT-GC073T,Gaming,17.3,16,Windows 10,4.0,1900.0,Full HD,1920,1080,No,Yes,No,Intel,2.6,Core i7 6700HQ,128,1024,SSD,HDD,Nvidia,GeForce GTX 970M,Premium,1152,1,1,Intel,0,1,118.75
Dell,Vostro 3568,Notebook,15.6,4,Windows 10,2.29,490.0,Standard,1366,768,No,No,No,Intel,2.0,Core i3 6006U,500,0,HDD,No,Intel,HD Graphics 520,Budget,500,0,0,Intel,0,0,122.5
Lenovo,B51-80 (i7-6500U/8GB/1008GB/Radeon,Notebook,15.6,8,Windows 7,2.32,895.0,Full HD,1920,1080,No,No,No,Intel,2.5,Core i7 6500U,1024,0,Hybrid,No,AMD,Radeon R5 M330,Mid-Range,1024,0,0,Intel,0,1,111.875
MSI,GE62 Apache,Gaming,15.6,8,Windows 10,2.4,1229.0,Full HD,1920,1080,No,No,No,Intel,2.6,Core i7 6700HQ,128,1024,SSD,HDD,Nvidia,GeForce GTX 960M,Mid-Range,1152,1,0,Intel,0,1,153.625
Lenovo,Yoga 500-14IBD,2 in 1 Convertible,14.0,4,Windows 10,1.8,833.01,Full HD,1920,1080,Yes,No,No,Intel,2.3,Core i5 6200U,128,0,SSD,No,Intel,HD Graphics 520,Mid-Range,128,1,0,Intel,1,1,208.2525
Asus,ZenBook UX305CA-UBM1,Ultrabook,13.3,8,Windows 10,1.2,729.0,Full HD,1920,1080,No,Yes,No,Intel,0.9,Core M 6Y30,512,0,SSD,No,Intel,HD Graphics 515,Budget,512,1,0,Intel,1,1,91.125
Dell,Inspiron 3567,Notebook,15.6,6,Windows 10,2.3,459.0,Standard,1366,768,No,No,No,Intel,2.4,Core i3 7100U,1024,0,HDD,No,Intel,HD Graphics 620,Budget,1024,0,0,Intel,0,0,76.5
Acer,Aspire ES1-531,Notebook,15.6,4,Linux,2.4,289.0,Standard,1366,768,No,No,No,Intel,1.6,Celeron Dual Core N3060,500,0,HDD,No,Intel,HD Graphics 400,Budget,500,0,0,Intel,0,0,72.25
Dell,Inspiron 3552,Notebook,15.6,2,Windows 10,2.2,379.0,Standard,1366,768,No,No,No,Intel,1.6,Celeron Dual Core N3050,500,0,HDD,No,Intel,HD Graphics,Budget,500,0,0,Intel,0,0,189.5
Lenovo,IdeaPad Y700-15ISK,Notebook,15.6,8,Windows 10,2.6,899.0,Full HD,1920,1080,No,Yes,No,Intel,2.6,Core i7 6700HQ,1024,0,HDD,No,Nvidia,GeForce GTX 960M,Mid-Range,1024,0,0,Intel,0,1,112.375
HP,Pavilion 15-AW003nv,Notebook,15.6,6,Windows 10,2.04,549.99,Full HD,1920,1080,No,No,No,AMD,2.9,A9-Series 9410,1024,0,Hybrid,No,AMD,Radeon R7 M440,Budget,1024,0,0,AMD,0,1,91.665
Dell,Inspiron 3567,Notebook,15.6,8,Linux,2.3,805.99,Standard,1366,768,No,No,No,Intel,2.7,Core i7 7500U,1024,0,HDD,No,AMD,Radeon R5 M430,Mid-Range,1024,0,0,Intel,0,0,100.74875
HP,Stream 11-Y000na,Netbook,11.6,2,Windows 10,1.17,209.0,Standard,1366,768,No,No,No,Intel,1.6,Celeron Dual Core N3060,32,0,Flash Storage,No,Intel,HD Graphics 400,Budget,32,0,0,Intel,1,0,104.5
Asus,X556UJ-XO044T (i7-6500U/4GB/500GB/GeForce,Notebook,15.6,4,Windows 10,2.2,720.32,Standard,1366,768,No,No,No,Intel,2.5,Core i7 6500U,500,0,HDD,No,Nvidia,GeForce 920M,Budget,500,0,0,Intel,0,0,180.08
Lenovo,Yoga 500-14ISK,2 in 1 Convertible,14.0,4,Windows 10,1.8,638.0,Full HD,1920,1080,Yes,Yes,No,Intel,2.5,Core i7 6500U,128,0,SSD,No,Intel,HD Graphics 520,Budget,128,1,0,Intel,1,1,159.5
Lenovo,Yoga 900-13ISK,2 in 1 Convertible,13.3,16,Windows 10,1.3,1499.0,Quad HD+,3200,1800,Yes,Yes,No,Intel,2.5,Core i7 6500U,512,0,SSD,No,Intel,HD Graphics 520,Mid-Range,512,1,1,Intel,1,1,93.6875
Lenovo,IdeaPad 100S-14IBR,Notebook,14.0,2,Windows 10,1.5,229.0,Standard,1366,768,No,No,No,Intel,1.6,Celeron Dual Core N3050,64,0,Flash Storage,No,Intel,HD Graphics,Budget,64,0,0,Intel,1,0,114.5
HP,15-AC110nv (i7-6500U/6GB/1TB/Radeon,Notebook,15.6,6,Windows 10,2.19,764.0,Standard,1366,768,No,No,No,Intel,2.5,Core i7 6500U,1024,0,HDD,No,AMD,Radeon R5 M330,Budget,1024,0,0,Intel,0,0,127.33333333333333
Asus,X553SA-XX031T (N3050/4GB/500GB/W10),Notebook,15.6,4,Windows 10,2.2,369.0,Standard,1366,768,No,No,No,Intel,1.6,Celeron Dual Core N3050,500,0,HDD,No,Intel,HD Graphics,Budget,500,0,0,Intel,0,0,92.25
